task,user,correct,mislabelled,off,wrong,missed,ghosts,explosions,hiccups,dropped,merged,num-user-labels,num-gold-labels,study,hidden,total-labels,minus-ghost,internal-accuracy,% complete,% correct,% mislabelled,% off,% wrong,% missed,% ghosts,saw,task-type
run-blue,2,1,0,2,0,5,0,0,0,0,0,3,8,studyA,none,8,8,0.3333333333,0.375,0.125,0,0.25,0,0.625,0,both,running
run-blue,17,3,0,5,0,0,0,0,0,0,0,8,8,studyA,none,8,8,0.375,1,0.375,0,0.625,0,0,0,both,running
run-blue,13,2,0,3,0,3,0,0,0,0,0,5,8,studyA,none,8,8,0.4,0.625,0.25,0,0.375,0,0.375,0,both,running
run-blue,28,1,0,6,0,1,0,0,0,0,0,7,8,studyA,none,8,8,0.1428571429,0.875,0.125,0,0.75,0,0.125,0,both,running
run-blue,44,4,0,4,0,0,0,0,0,0,0,8,8,studyA,none,8,8,0.5,1,0.5,0,0.5,0,0,0,both,running
run-blue,25,5,0,3,0,0,0,0,0,0,0,8,8,studyA,none,8,8,0.625,1,0.625,0,0.375,0,0,0,both,running
run-blue,40,2,0,5,1,0,0,0,0,0,0,8,8,studyA,none,8,8,0.25,1,0.25,0,0.625,0.125,0,0,both,running
run-blue,33,2,0,3,0,3,0,0,0,0,0,5,8,studyA,none,8,8,0.4,0.625,0.25,0,0.375,0,0.375,0,both,running
run-blue,38,0,0,3,0,5,0,0,0,0,0,3,8,studyA,none,8,8,0,0.375,0,0,0.375,0,0.625,0,both,running
run-blue,11,2,0,6,0,0,0,0,0,0,0,8,8,studyA,none,8,8,0.25,1,0.25,0,0.75,0,0,0,both,running
run-blue,7,8,0,0,0,0,0,0,0,0,0,8,8,studyA,none,8,8,1,1,1,0,0,0,0,0,both,running
run-blue,22,7,0,1,0,0,0,0,0,0,0,8,8,studyA,none,8,8,0.875,1,0.875,0,0.125,0,0,0,both,running
run-yellow,2,0,4,0,4,0,0,0,0,1,0,8,8,studyA,video,8,8,0,1,0,0.5,0,0.5,0,0,data,running
run-yellow,17,0,3,0,5,0,0,0,0,1,0,8,8,studyA,video,8,8,0,1,0,0.375,0,0.625,0,0,data,running
run-yellow,13,5,0,3,0,0,0,0,0,0,0,8,8,studyA,video,8,8,0.625,1,0.625,0,0.375,0,0,0,data,running
run-yellow,28,6,0,2,0,0,0,0,0,1,0,8,8,studyA,video,8,8,0.75,1,0.75,0,0.25,0,0,0,data,running
run-yellow,44,3,0,5,0,0,0,0,0,1,0,8,8,studyA,video,8,8,0.375,1,0.375,0,0.625,0,0,0,data,running
run-yellow,25,3,0,5,0,0,0,0,0,1,0,8,8,studyA,video,8,8,0.375,1,0.375,0,0.625,0,0,0,data,running
run-yellow,40,0,0,8,0,0,0,0,0,1,0,8,8,studyA,video,8,8,0,1,0,0,1,0,0,0,data,running
run-yellow,33,6,0,2,0,0,0,0,0,1,1,8,8,studyA,video,8,8,0.75,1,0.75,0,0.25,0,0,0,data,running
run-yellow,38,0,0,8,0,0,0,0,0,2,0,8,8,studyA,video,8,8,0,1,0,0,1,0,0,0,data,running
run-yellow,11,2,0,6,0,0,0,0,0,1,0,8,8,studyA,video,8,8,0.25,1,0.25,0,0.75,0,0,0,data,running
run-yellow,7,7,0,1,0,0,0,0,0,2,0,8,8,studyA,video,8,8,0.875,1,0.875,0,0.125,0,0,0,data,running
run-yellow,22,4,0,4,0,0,0,0,0,1,0,8,8,studyA,video,8,8,0.5,1,0.5,0,0.5,0,0,0,data,running
run-red,2,1,0,3,0,4,0,0,0,0,0,4,8,studyA,data,8,8,0.25,0.5,0.125,0,0.375,0,0.5,0,video,running
run-red,17,3,0,0,0,5,0,0,0,0,0,3,8,studyA,data,8,8,1,0.375,0.375,0,0,0,0.625,0,video,running
run-red,13,2,0,1,0,5,0,0,0,0,0,3,8,studyA,data,8,8,0.6666666667,0.375,0.25,0,0.125,0,0.625,0,video,running
run-red,28,2,0,0,0,6,0,0,0,0,0,2,8,studyA,data,8,8,1,0.25,0.25,0,0,0,0.75,0,video,running
run-red,44,4,0,0,0,4,0,0,0,0,0,4,8,studyA,data,8,8,1,0.5,0.5,0,0,0,0.5,0,video,running
run-red,25,3,0,1,0,4,0,0,0,0,0,4,8,studyA,data,8,8,0.75,0.5,0.375,0,0.125,0,0.5,0,video,running
run-red,40,0,0,2,0,6,0,0,0,0,186,2,8,studyA,data,8,8,0,0.25,0,0,0.25,0,0.75,0,video,running
run-red,33,4,0,0,0,4,0,0,0,0,0,4,8,studyA,data,8,8,1,0.5,0.5,0,0,0,0.5,0,video,running
run-red,38,2,0,1,0,5,0,0,0,0,0,3,8,studyA,data,8,8,0.6666666667,0.375,0.25,0,0.125,0,0.625,0,video,running
run-red,11,0,0,2,0,6,1,0,0,0,0,3,8,studyA,data,9,8,0,0.25,0,0,0.25,0,0.75,0.1111111111,video,running
run-red,7,3,0,1,0,4,0,0,0,0,0,4,8,studyA,data,8,8,0.75,0.5,0.375,0,0.125,0,0.5,0,video,running
run-red,22,3,0,1,0,4,0,0,0,0,0,4,8,studyA,data,8,8,0.75,0.5,0.375,0,0.125,0,0.5,0,video,running
pill-blue,2,4,0,2,0,2,0,0,0,0,0,6,8,studyA,none,8,8,0.6666666667,0.75,0.5,0,0.25,0,0.25,0,both,pills
pill-blue,17,4,0,2,0,2,0,0,0,0,0,6,8,studyA,none,8,8,0.6666666667,0.75,0.5,0,0.25,0,0.25,0,both,pills
pill-blue,13,7,0,1,0,0,0,0,0,0,0,8,8,studyA,none,8,8,0.875,1,0.875,0,0.125,0,0,0,both,pills
pill-blue,28,7,0,1,0,0,0,0,0,0,0,8,8,studyA,none,8,8,0.875,1,0.875,0,0.125,0,0,0,both,pills
pill-blue,44,7,0,1,0,0,0,0,0,0,0,8,8,studyA,none,8,8,0.875,1,0.875,0,0.125,0,0,0,both,pills
pill-blue,25,7,0,1,0,0,0,0,0,0,0,8,8,studyA,none,8,8,0.875,1,0.875,0,0.125,0,0,0,both,pills
pill-blue,40,6,0,2,0,0,0,0,0,0,0,8,8,studyA,none,8,8,0.75,1,0.75,0,0.25,0,0,0,both,pills
pill-blue,33,7,0,1,0,0,0,0,0,0,0,8,8,studyA,none,8,8,0.875,1,0.875,0,0.125,0,0,0,both,pills
pill-blue,38,8,0,0,0,0,0,0,0,0,0,8,8,studyA,none,8,8,1,1,1,0,0,0,0,0,both,pills
pill-blue,11,4,0,4,0,0,0,0,0,0,0,8,8,studyA,none,8,8,0.5,1,0.5,0,0.5,0,0,0,both,pills
pill-blue,7,8,0,0,0,0,0,0,0,0,0,8,8,studyA,none,8,8,1,1,1,0,0,0,0,0,both,pills
pill-blue,22,8,0,0,0,0,0,0,0,0,0,8,8,studyA,none,8,8,1,1,1,0,0,0,0,0,both,pills
pill-red,2,3,0,3,0,0,0,0,0,0,0,6,6,studyA,video,6,6,0.5,1,0.5,0,0.5,0,0,0,data,pills
pill-red,17,5,0,0,1,0,0,0,0,0,0,6,6,studyA,video,6,6,0.8333333333,1,0.8333333333,0,0,0.1666666667,0,0,data,pills
pill-red,13,2,0,1,0,3,1,0,0,0,2,4,6,studyA,video,7,6,0.6666666667,0.5,0.3333333333,0,0.1666666667,0,0.5,0.1428571429,data,pills
pill-red,28,6,0,0,0,0,0,0,0,0,0,6,6,studyA,video,6,6,1,1,1,0,0,0,0,0,data,pills
pill-red,44,3,0,3,0,0,0,0,0,0,0,6,6,studyA,video,6,6,0.5,1,0.5,0,0.5,0,0,0,data,pills
pill-red,25,5,0,1,0,0,0,0,0,1,0,6,6,studyA,video,6,6,0.8333333333,1,0.8333333333,0,0.1666666667,0,0,0,data,pills
pill-red,40,2,0,4,0,0,0,0,0,0,0,6,6,studyA,video,6,6,0.3333333333,1,0.3333333333,0,0.6666666667,0,0,0,data,pills
pill-red,33,3,0,1,0,2,1,0,0,0,1,5,6,studyA,video,7,6,0.75,0.6666666667,0.5,0,0.1666666667,0,0.3333333333,0.1428571429,data,pills
pill-red,38,5,0,1,0,0,0,0,0,0,0,6,6,studyA,video,6,6,0.8333333333,1,0.8333333333,0,0.1666666667,0,0,0,data,pills
pill-red,11,3,0,3,0,0,0,0,0,0,0,6,6,studyA,video,6,6,0.5,1,0.5,0,0.5,0,0,0,data,pills
pill-red,7,4,0,0,0,2,0,0,0,0,0,4,6,studyA,video,6,6,1,0.6666666667,0.6666666667,0,0,0,0.3333333333,0,data,pills
pill-red,22,3,0,1,0,2,1,0,0,0,1,5,6,studyA,video,7,6,0.75,0.6666666667,0.5,0,0.1666666667,0,0.3333333333,0.1428571429,data,pills
pill-orange,2,0,0,4,0,4,0,0,0,0,0,4,8,studyA,data,8,8,0,0.5,0,0,0.5,0,0.5,0,video,pills
pill-orange,17,0,0,7,0,1,0,0,0,0,0,7,8,studyA,data,8,8,0,0.875,0,0,0.875,0,0.125,0,video,pills
pill-orange,13,0,0,6,0,2,0,0,0,0,0,6,8,studyA,data,8,8,0,0.75,0,0,0.75,0,0.25,0,video,pills
pill-orange,28,2,0,2,0,4,0,0,0,0,0,4,8,studyA,data,8,8,0.5,0.5,0.25,0,0.25,0,0.5,0,video,pills
pill-orange,44,4,0,1,0,3,0,0,0,0,0,5,8,studyA,data,8,8,0.8,0.625,0.5,0,0.125,0,0.375,0,video,pills
pill-orange,25,1,0,6,0,1,0,0,0,0,0,7,8,studyA,data,8,8,0.1428571429,0.875,0.125,0,0.75,0,0.125,0,video,pills
pill-orange,40,0,0,4,0,4,0,0,0,0,2,4,8,studyA,data,8,8,0,0.5,0,0,0.5,0,0.5,0,video,pills
pill-orange,33,0,0,8,0,0,0,0,0,1,0,8,8,studyA,data,8,8,0,1,0,0,1,0,0,0,video,pills
pill-orange,38,0,0,4,0,4,0,0,0,0,0,4,8,studyA,data,8,8,0,0.5,0,0,0.5,0,0.5,0,video,pills
pill-orange,11,0,0,8,0,0,0,0,0,0,0,8,8,studyA,data,8,8,0,1,0,0,1,0,0,0,video,pills
pill-orange,7,2,0,4,0,2,0,0,0,0,0,6,8,studyA,data,8,8,0.3333333333,0.75,0.25,0,0.5,0,0.25,0,video,pills
pill-orange,22,0,0,5,0,3,0,0,0,0,0,5,8,studyA,data,8,8,0,0.625,0,0,0.625,0,0.375,0,video,pills
run-pink,2,5,0,3,0,0,0,0,0,0,0,8,8,studyA,video,8,8,0.625,1,0.625,0,0.375,0,0,0,data,after-distraction
run-pink,17,0,0,1,7,0,0,0,0,0,0,8,8,studyA,video,8,8,0,1,0,0,0.125,0.875,0,0,data,after-distraction
run-pink,13,6,0,2,0,0,0,0,0,0,0,8,8,studyA,video,8,8,0.75,1,0.75,0,0.25,0,0,0,data,after-distraction
run-pink,28,6,0,1,1,0,0,0,0,0,0,8,8,studyA,video,8,8,0.75,1,0.75,0,0.125,0.125,0,0,data,after-distraction
run-pink,44,6,0,2,0,0,0,0,0,0,0,8,8,studyA,video,8,8,0.75,1,0.75,0,0.25,0,0,0,data,after-distraction
run-pink,25,4,0,4,0,0,0,0,0,0,0,8,8,studyA,video,8,8,0.5,1,0.5,0,0.5,0,0,0,data,after-distraction
run-pink,40,0,0,0,8,0,0,0,0,0,0,8,8,studyA,video,8,8,0,1,0,0,0,1,0,0,data,after-distraction
run-pink,33,7,0,1,0,0,0,0,0,0,0,8,8,studyA,video,8,8,0.875,1,0.875,0,0.125,0,0,0,data,after-distraction
run-pink,38,1,0,7,0,0,0,0,0,0,0,8,8,studyA,video,8,8,0.125,1,0.125,0,0.875,0,0,0,data,after-distraction
run-pink,11,3,0,5,0,0,0,0,0,0,0,8,8,studyA,video,8,8,0.375,1,0.375,0,0.625,0,0,0,data,after-distraction
run-pink,7,7,0,1,0,0,0,0,0,0,0,8,8,studyA,video,8,8,0.875,1,0.875,0,0.125,0,0,0,data,after-distraction
run-pink,22,5,0,3,0,0,0,0,0,0,0,8,8,studyA,video,8,8,0.625,1,0.625,0,0.375,0,0,0,data,after-distraction
run-blue,19,3,1,0,0,4,0,0,0,0,0,4,8,studyB,none,8,8,0.75,0.5,0.375,0.125,0,0,0.5,0,both,running
run-blue,1,3,0,2,0,3,0,0,0,0,0,5,8,studyB,none,8,8,0.6,0.625,0.375,0,0.25,0,0.375,0,both,running
run-blue,30,4,0,1,0,3,0,0,0,0,0,5,8,studyB,none,8,8,0.8,0.625,0.5,0,0.125,0,0.375,0,both,running
run-blue,41,4,0,1,0,3,0,0,0,0,1,5,8,studyB,none,8,8,0.8,0.625,0.5,0,0.125,0,0.375,0,both,running
run-blue,29,1,0,0,0,7,2,0,0,0,2,3,8,studyB,none,10,8,1,0.125,0.125,0,0,0,0.875,0.2,both,running
run-blue,37,0,0,3,2,4,1,0,2,0,3,6,8,studyB,none,10,9,0,0.625,0,0,0.375,0.25,0.5,0.1,both,running
run-blue,12,2,0,6,0,0,0,0,0,0,0,8,8,studyB,none,8,8,0.25,1,0.25,0,0.75,0,0,0,both,running
run-blue,9,3,0,3,0,2,0,0,0,0,0,6,8,studyB,none,8,8,0.5,0.75,0.375,0,0.375,0,0.25,0,both,running
run-blue,35,3,0,4,0,1,1,0,0,0,1,8,8,studyB,none,9,8,0.4285714286,0.875,0.375,0,0.5,0,0.125,0.1111111111,both,running
run-blue,16,2,0,4,0,2,0,0,0,0,0,6,8,studyB,none,8,8,0.3333333333,0.75,0.25,0,0.5,0,0.25,0,both,running
run-blue,24,7,0,1,0,0,0,0,0,0,0,8,8,studyB,none,8,8,0.875,1,0.875,0,0.125,0,0,0,both,running
run-blue,6,2,0,2,0,4,0,0,0,0,0,4,8,studyB,none,8,8,0.5,0.5,0.25,0,0.25,0,0.5,0,both,running
run-yellow,19,1,0,1,0,6,0,0,0,0,0,2,8,studyB,data,8,8,0.5,0.25,0.125,0,0.125,0,0.75,0,video,running
run-yellow,1,1,0,1,0,6,0,0,0,0,0,2,8,studyB,data,8,8,0.5,0.25,0.125,0,0.125,0,0.75,0,video,running
run-yellow,30,1,0,3,0,4,0,0,0,0,1,4,8,studyB,data,8,8,0.25,0.5,0.125,0,0.375,0,0.5,0,video,running
run-yellow,41,1,0,1,0,6,0,0,0,0,0,2,8,studyB,data,8,8,0.5,0.25,0.125,0,0.125,0,0.75,0,video,running
run-yellow,29,0,0,0,0,8,1,0,0,0,1,1,8,studyB,data,9,8,0,0,0,0,0,0,1,0.1111111111,video,running
run-yellow,37,0,1,1,1,6,0,0,2,0,1,3,8,studyB,data,9,9,0,0.375,0,0.125,0.125,0.125,0.75,0,video,running
run-yellow,12,0,0,3,0,5,0,0,0,0,0,3,8,studyB,data,8,8,0,0.375,0,0,0.375,0,0.625,0,video,running
run-yellow,9,0,0,2,0,6,0,0,0,0,0,2,8,studyB,data,8,8,0,0.25,0,0,0.25,0,0.75,0,video,running
run-yellow,35,0,0,2,0,6,0,0,0,0,0,2,8,studyB,data,8,8,0,0.25,0,0,0.25,0,0.75,0,video,running
run-yellow,16,1,0,1,0,6,0,0,0,0,0,2,8,studyB,data,8,8,0.5,0.25,0.125,0,0.125,0,0.75,0,video,running
run-yellow,24,1,0,1,0,6,0,0,0,0,0,2,8,studyB,data,8,8,0.5,0.25,0.125,0,0.125,0,0.75,0,video,running
run-yellow,6,1,0,1,0,6,0,0,0,0,0,2,8,studyB,data,8,8,0.5,0.25,0.125,0,0.125,0,0.75,0,video,running
run-red,19,5,0,3,0,0,0,0,0,0,0,8,8,studyB,video,8,8,0.625,1,0.625,0,0.375,0,0,0,data,running
run-red,1,7,0,1,0,0,0,0,0,0,0,8,8,studyB,video,8,8,0.875,1,0.875,0,0.125,0,0,0,data,running
run-red,30,7,0,0,0,1,0,0,0,0,0,7,8,studyB,video,8,8,1,0.875,0.875,0,0,0,0.125,0,data,running
run-red,41,3,0,5,0,0,0,0,0,0,0,8,8,studyB,video,8,8,0.375,1,0.375,0,0.625,0,0,0,data,running
run-red,29,1,1,0,0,6,3,0,0,0,3,5,8,studyB,video,11,8,0.5,0.25,0.125,0.125,0,0,0.75,0.2727272727,data,running
run-red,37,3,0,5,0,0,0,0,0,0,0,8,8,studyB,video,8,8,0.375,1,0.375,0,0.625,0,0,0,data,running
run-red,12,5,0,3,0,0,0,0,0,0,0,8,8,studyB,video,8,8,0.625,1,0.625,0,0.375,0,0,0,data,running
run-red,9,8,0,0,0,0,0,0,0,0,0,8,8,studyB,video,8,8,1,1,1,0,0,0,0,0,data,running
run-red,35,5,0,3,0,0,0,0,0,0,0,8,8,studyB,video,8,8,0.625,1,0.625,0,0.375,0,0,0,data,running
run-red,16,0,2,0,6,0,0,0,0,0,0,8,8,studyB,video,8,8,0,1,0,0.25,0,0.75,0,0,data,running
run-red,24,8,0,0,0,0,0,0,0,0,0,8,8,studyB,video,8,8,1,1,1,0,0,0,0,0,data,running
run-red,6,2,0,3,1,2,0,0,0,0,1,6,8,studyB,video,8,8,0.3333333333,0.75,0.25,0,0.375,0.125,0.25,0,data,running
pill-blue,19,6,0,0,0,2,0,0,0,0,0,6,8,studyB,none,8,8,1,0.75,0.75,0,0,0,0.25,0,both,pills
pill-blue,1,6,0,2,0,0,0,0,0,1,0,8,8,studyB,none,8,8,0.75,1,0.75,0,0.25,0,0,0,both,pills
pill-blue,30,5,0,0,0,3,0,0,0,0,0,5,8,studyB,none,8,8,1,0.625,0.625,0,0,0,0.375,0,both,pills
pill-blue,41,6,0,2,0,0,0,0,0,0,0,8,8,studyB,none,8,8,0.75,1,0.75,0,0.25,0,0,0,both,pills
pill-blue,29,1,0,0,0,7,2,0,0,0,2,3,8,studyB,none,10,8,1,0.125,0.125,0,0,0,0.875,0.2,both,pills
pill-blue,37,1,0,6,0,1,0,0,0,0,0,7,8,studyB,none,8,8,0.1428571429,0.875,0.125,0,0.75,0,0.125,0,both,pills
pill-blue,12,8,0,0,0,0,0,0,0,0,0,8,8,studyB,none,8,8,1,1,1,0,0,0,0,0,both,pills
pill-blue,9,8,0,0,0,0,0,0,0,0,0,8,8,studyB,none,8,8,1,1,1,0,0,0,0,0,both,pills
pill-blue,35,7,1,0,0,0,0,0,0,0,0,8,8,studyB,none,8,8,0.875,1,0.875,0.125,0,0,0,0,both,pills
pill-blue,16,2,0,1,0,5,2,0,0,0,4,5,8,studyB,none,10,8,0.6666666667,0.375,0.25,0,0.125,0,0.625,0.2,both,pills
pill-blue,24,8,0,0,0,0,0,0,0,0,0,8,8,studyB,none,8,8,1,1,1,0,0,0,0,0,both,pills
pill-blue,6,0,1,5,0,2,0,0,0,1,0,6,8,studyB,none,8,8,0,0.75,0,0.125,0.625,0,0.25,0,both,pills
pill-red,19,2,0,0,0,4,0,0,0,0,0,2,6,studyB,data,6,6,1,0.3333333333,0.3333333333,0,0,0,0.6666666667,0,video,pills
pill-red,1,0,0,3,0,3,0,0,0,0,0,3,6,studyB,data,6,6,0,0.5,0,0,0.5,0,0.5,0,video,pills
pill-red,30,2,0,1,0,3,0,0,0,0,0,3,6,studyB,data,6,6,0.6666666667,0.5,0.3333333333,0,0.1666666667,0,0.5,0,video,pills
pill-red,41,2,0,2,0,2,0,0,0,0,0,4,6,studyB,data,6,6,0.5,0.6666666667,0.3333333333,0,0.3333333333,0,0.3333333333,0,video,pills
pill-red,29,1,0,2,0,3,1,0,0,0,3,4,6,studyB,data,7,6,0.3333333333,0.5,0.1666666667,0,0.3333333333,0,0.5,0.1428571429,video,pills
pill-red,37,0,0,3,0,3,0,0,0,0,0,3,6,studyB,data,6,6,0,0.5,0,0,0.5,0,0.5,0,video,pills
pill-red,12,1,0,4,0,1,0,0,0,0,0,5,6,studyB,data,6,6,0.2,0.8333333333,0.1666666667,0,0.6666666667,0,0.1666666667,0,video,pills
pill-red,9,1,0,2,0,3,0,0,0,0,0,3,6,studyB,data,6,6,0.3333333333,0.5,0.1666666667,0,0.3333333333,0,0.5,0,video,pills
pill-red,35,2,0,2,0,2,0,0,0,0,0,4,6,studyB,data,6,6,0.5,0.6666666667,0.3333333333,0,0.3333333333,0,0.3333333333,0,video,pills
pill-red,16,1,0,2,0,3,0,0,0,0,0,3,6,studyB,data,6,6,0.3333333333,0.5,0.1666666667,0,0.3333333333,0,0.5,0,video,pills
pill-red,24,2,0,1,0,3,0,0,0,0,0,3,6,studyB,data,6,6,0.6666666667,0.5,0.3333333333,0,0.1666666667,0,0.5,0,video,pills
pill-red,6,0,0,5,0,1,1,0,0,0,0,6,6,studyB,data,7,6,0,0.8333333333,0,0,0.8333333333,0,0.1666666667,0.1428571429,video,pills
pill-orange,19,7,1,0,0,0,1,0,0,0,1,9,8,studyB,video,9,8,0.875,1,0.875,0.125,0,0,0,0.1111111111,data,pills
pill-orange,1,4,4,0,0,0,0,0,0,0,0,8,8,studyB,video,8,8,0.5,1,0.5,0.5,0,0,0,0,data,pills
pill-orange,30,8,0,0,0,0,0,0,0,0,0,8,8,studyB,video,8,8,1,1,1,0,0,0,0,0,data,pills
pill-orange,41,7,0,0,1,0,0,0,0,0,0,8,8,studyB,video,8,8,0.875,1,0.875,0,0,0.125,0,0,data,pills
pill-orange,29,0,0,4,0,4,2,0,0,0,3,6,8,studyB,video,10,8,0,0.5,0,0,0.5,0,0.5,0.2,data,pills
pill-orange,37,1,1,3,3,0,0,0,0,0,0,8,8,studyB,video,8,8,0.125,1,0.125,0.125,0.375,0.375,0,0,data,pills
pill-orange,12,8,0,0,0,0,0,0,0,0,0,8,8,studyB,video,8,8,1,1,1,0,0,0,0,0,data,pills
pill-orange,9,7,1,0,0,0,0,0,0,0,0,8,8,studyB,video,8,8,0.875,1,0.875,0.125,0,0,0,0,data,pills
pill-orange,35,7,1,0,0,0,0,0,0,0,0,8,8,studyB,video,8,8,0.875,1,0.875,0.125,0,0,0,0,data,pills
pill-orange,16,6,2,0,0,0,0,0,0,0,0,8,8,studyB,video,8,8,0.75,1,0.75,0.25,0,0,0,0,data,pills
pill-orange,24,7,1,0,0,0,0,0,0,0,0,8,8,studyB,video,8,8,0.875,1,0.875,0.125,0,0,0,0,data,pills
pill-orange,6,1,0,3,1,3,0,0,0,1,0,5,8,studyB,video,8,8,0.2,0.625,0.125,0,0.375,0.125,0.375,0,data,pills
run-pink,19,7,0,1,0,0,0,0,0,0,0,8,8,studyB,video,8,8,0.875,1,0.875,0,0.125,0,0,0,data,after-distraction
run-pink,1,6,0,2,0,0,0,0,0,0,0,8,8,studyB,video,8,8,0.75,1,0.75,0,0.25,0,0,0,data,after-distraction
run-pink,30,7,0,1,0,0,0,0,0,0,0,8,8,studyB,video,8,8,0.875,1,0.875,0,0.125,0,0,0,data,after-distraction
run-pink,41,3,0,5,0,0,0,0,0,0,0,8,8,studyB,video,8,8,0.375,1,0.375,0,0.625,0,0,0,data,after-distraction
run-pink,29,2,0,1,1,4,3,0,0,0,3,7,8,studyB,video,11,8,0.5,0.5,0.25,0,0.125,0.125,0.5,0.2727272727,data,after-distraction
run-pink,37,2,0,5,1,0,0,0,0,0,0,8,8,studyB,video,8,8,0.25,1,0.25,0,0.625,0.125,0,0,data,after-distraction
run-pink,12,2,0,6,0,0,0,0,0,0,0,8,8,studyB,video,8,8,0.25,1,0.25,0,0.75,0,0,0,data,after-distraction
run-pink,9,5,0,3,0,0,0,0,0,0,0,8,8,studyB,video,8,8,0.625,1,0.625,0,0.375,0,0,0,data,after-distraction
run-pink,35,4,0,4,0,0,0,0,0,0,0,8,8,studyB,video,8,8,0.5,1,0.5,0,0.5,0,0,0,data,after-distraction
run-pink,16,0,0,0,8,0,0,0,0,0,0,8,8,studyB,video,8,8,0,1,0,0,0,1,0,0,data,after-distraction
run-pink,24,7,0,1,0,0,0,0,0,0,0,8,8,studyB,video,8,8,0.875,1,0.875,0,0.125,0,0,0,data,after-distraction
run-pink,6,3,1,4,0,0,0,0,0,2,0,8,8,studyB,video,8,8,0.375,1,0.375,0.125,0.5,0,0,0,data,after-distraction
pill-blue,42,8,0,0,0,0,0,0,0,0,0,8,8,studyC,none,8,8,1,1,1,0,0,0,0,0,both,pills
pill-blue,user008,8,0,0,0,0,0,0,0,0,0,8,8,studyC,none,8,8,1,1,1,0,0,0,0,0,both,pills
pill-blue,45,6,0,2,0,0,0,0,0,0,0,8,8,studyC,none,8,8,0.75,1,0.75,0,0.25,0,0,0,both,pills
pill-blue,47,1,0,3,0,4,0,0,0,1,1,4,8,studyC,none,8,8,0.25,0.5,0.125,0,0.375,0,0.5,0,both,pills
pill-blue,46,7,0,0,0,1,0,0,0,0,0,7,8,studyC,none,8,8,1,0.875,0.875,0,0,0,0.125,0,both,pills
pill-blue,10,5,0,0,0,3,0,0,0,1,1,5,8,studyC,none,8,8,1,0.625,0.625,0,0,0,0.375,0,both,pills
pill-blue,20,6,0,2,0,0,0,0,0,0,0,8,8,studyC,none,8,8,0.75,1,0.75,0,0.25,0,0,0,both,pills
pill-blue,6152017,2,0,1,0,5,0,0,0,0,0,3,8,studyC,none,8,8,0.6666666667,0.375,0.25,0,0.125,0,0.625,0,both,pills
pill-blue,21,6,0,0,0,2,0,0,0,0,0,6,8,studyC,none,8,8,1,0.75,0.75,0,0,0,0.25,0,both,pills
pill-blue,27,4,0,1,0,3,0,0,0,0,0,5,8,studyC,none,8,8,0.8,0.625,0.5,0,0.125,0,0.375,0,both,pills
pill-blue,user014,5,0,0,0,3,0,0,0,0,0,5,8,studyC,none,8,8,1,0.625,0.625,0,0,0,0.375,0,both,pills
pill-blue,36,1,0,1,0,6,0,0,0,0,0,2,8,studyC,none,8,8,0.5,0.25,0.125,0,0.125,0,0.75,0,both,pills
pill-blue,3,0,0,8,0,0,1,0,0,0,0,9,8,studyC,none,9,8,0,1,0,0,1,0,0,0.1111111111,both,pills
pill-red,42,5,0,1,0,0,0,0,0,0,0,6,6,studyC,video,6,6,0.8333333333,1,0.8333333333,0,0.1666666667,0,0,0,data,pills
pill-red,user008,1,1,2,1,1,1,0,0,0,2,6,6,studyC,video,7,6,0.2,0.8333333333,0.1666666667,0.1666666667,0.3333333333,0.1666666667,0.1666666667,0.1428571429,data,pills
pill-red,45,5,0,1,0,0,0,0,0,0,0,6,6,studyC,video,6,6,0.8333333333,1,0.8333333333,0,0.1666666667,0,0,0,data,pills
pill-red,47,4,0,2,0,0,0,0,0,1,0,6,6,studyC,video,6,6,0.6666666667,1,0.6666666667,0,0.3333333333,0,0,0,data,pills
pill-red,46,5,0,1,0,0,0,0,0,0,0,6,6,studyC,video,6,6,0.8333333333,1,0.8333333333,0,0.1666666667,0,0,0,data,pills
pill-red,10,6,0,0,0,0,0,0,0,2,0,6,6,studyC,video,6,6,1,1,1,0,0,0,0,0,data,pills
pill-red,20,4,0,2,0,0,0,0,0,0,0,6,6,studyC,video,6,6,0.6666666667,1,0.6666666667,0,0.3333333333,0,0,0,data,pills
pill-red,6152017,5,0,1,0,0,0,0,0,0,0,6,6,studyC,video,6,6,0.8333333333,1,0.8333333333,0,0.1666666667,0,0,0,data,pills
pill-red,21,3,0,0,0,3,1,0,0,0,1,4,6,studyC,video,7,6,1,0.5,0.5,0,0,0,0.5,0.1428571429,data,pills
pill-red,27,1,0,4,0,1,0,0,0,0,0,5,6,studyC,video,6,6,0.2,0.8333333333,0.1666666667,0,0.6666666667,0,0.1666666667,0,data,pills
pill-red,user014,1,3,1,0,1,0,0,0,0,0,5,6,studyC,video,6,6,0.2,0.8333333333,0.1666666667,0.5,0.1666666667,0,0.1666666667,0,data,pills
pill-red,36,1,1,1,0,3,0,0,0,0,0,3,6,studyC,video,6,6,0.3333333333,0.5,0.1666666667,0.1666666667,0.1666666667,0,0.5,0,data,pills
pill-red,3,0,0,5,0,1,0,0,0,0,0,5,6,studyC,video,6,6,0,0.8333333333,0,0,0.8333333333,0,0.1666666667,0,data,pills
pill-orange,42,2,0,0,0,6,0,0,0,0,0,2,8,studyC,data,8,8,1,0.25,0.25,0,0,0,0.75,0,video,pills
pill-orange,user008,3,0,2,0,3,0,0,0,1,0,5,8,studyC,data,8,8,0.6,0.625,0.375,0,0.25,0,0.375,0,video,pills
pill-orange,45,2,0,2,0,4,0,0,0,0,0,4,8,studyC,data,8,8,0.5,0.5,0.25,0,0.25,0,0.5,0,video,pills
pill-orange,47,0,0,3,1,4,0,0,0,0,1,4,8,studyC,data,8,8,0,0.5,0,0,0.375,0.125,0.5,0,video,pills
pill-orange,46,1,0,2,0,5,0,0,0,0,0,3,8,studyC,data,8,8,0.3333333333,0.375,0.125,0,0.25,0,0.625,0,video,pills
pill-orange,10,3,0,1,0,4,0,0,0,0,0,4,8,studyC,data,8,8,0.75,0.5,0.375,0,0.125,0,0.5,0,video,pills
pill-orange,20,2,0,2,0,4,0,0,0,0,0,4,8,studyC,data,8,8,0.5,0.5,0.25,0,0.25,0,0.5,0,video,pills
pill-orange,6152017,2,0,1,0,5,0,0,0,0,0,3,8,studyC,data,8,8,0.6666666667,0.375,0.25,0,0.125,0,0.625,0,video,pills
pill-orange,21,1,0,6,0,1,0,0,0,0,0,7,8,studyC,data,8,8,0.1428571429,0.875,0.125,0,0.75,0,0.125,0,video,pills
pill-orange,27,2,0,3,0,3,0,0,0,0,0,5,8,studyC,data,8,8,0.4,0.625,0.25,0,0.375,0,0.375,0,video,pills
pill-orange,user014,0,0,5,0,3,0,0,0,0,0,5,8,studyC,data,8,8,0,0.625,0,0,0.625,0,0.375,0,video,pills
pill-orange,36,0,0,4,0,4,0,0,0,0,0,4,8,studyC,data,8,8,0,0.5,0,0,0.5,0,0.5,0,video,pills
pill-orange,3,2,1,1,0,4,0,0,0,1,0,4,8,studyC,data,8,8,0.5,0.5,0.25,0.125,0.125,0,0.5,0,video,pills
run-blue,42,8,0,0,0,0,0,0,0,0,0,8,8,studyC,none,8,8,1,1,1,0,0,0,0,0,both,running
run-blue,user008,5,0,3,0,0,0,0,0,0,0,8,8,studyC,none,8,8,0.625,1,0.625,0,0.375,0,0,0,both,running
run-blue,45,6,0,2,0,0,0,0,0,0,0,8,8,studyC,none,8,8,0.75,1,0.75,0,0.25,0,0,0,both,running
run-blue,47,2,0,6,0,0,0,0,0,0,0,8,8,studyC,none,8,8,0.25,1,0.25,0,0.75,0,0,0,both,running
run-blue,46,3,0,4,0,1,0,0,0,0,0,7,8,studyC,none,8,8,0.4285714286,0.875,0.375,0,0.5,0,0.125,0,both,running
run-blue,10,7,0,1,0,0,0,0,0,0,0,8,8,studyC,none,8,8,0.875,1,0.875,0,0.125,0,0,0,both,running
run-blue,20,6,0,2,0,0,0,0,0,0,0,8,8,studyC,none,8,8,0.75,1,0.75,0,0.25,0,0,0,both,running
run-blue,6152017,3,0,2,0,3,0,0,0,0,0,5,8,studyC,none,8,8,0.6,0.625,0.375,0,0.25,0,0.375,0,both,running
run-blue,21,8,0,0,0,0,0,0,0,0,0,8,8,studyC,none,8,8,1,1,1,0,0,0,0,0,both,running
run-blue,27,6,0,2,0,0,0,0,0,0,0,8,8,studyC,none,8,8,0.75,1,0.75,0,0.25,0,0,0,both,running
run-blue,user014,4,0,3,0,1,0,0,0,0,0,7,8,studyC,none,8,8,0.5714285714,0.875,0.5,0,0.375,0,0.125,0,both,running
run-blue,36,0,0,4,0,4,0,0,0,0,0,4,8,studyC,none,8,8,0,0.5,0,0,0.5,0,0.5,0,both,running
run-blue,3,5,1,2,0,0,0,0,0,0,0,8,8,studyC,none,8,8,0.625,1,0.625,0.125,0.25,0,0,0,both,running
run-yellow,42,7,0,1,0,0,0,0,0,1,0,8,8,studyC,video,8,8,0.875,1,0.875,0,0.125,0,0,0,data,running
run-yellow,user008,8,0,0,0,0,0,0,0,1,0,8,8,studyC,video,8,8,1,1,1,0,0,0,0,0,data,running
run-yellow,45,6,0,2,0,0,0,0,0,1,0,8,8,studyC,video,8,8,0.75,1,0.75,0,0.25,0,0,0,data,running
run-yellow,47,3,0,5,0,0,0,0,0,1,0,8,8,studyC,video,8,8,0.375,1,0.375,0,0.625,0,0,0,data,running
run-yellow,46,5,0,3,0,0,0,0,0,1,0,8,8,studyC,video,8,8,0.625,1,0.625,0,0.375,0,0,0,data,running
run-yellow,10,7,0,1,0,0,0,0,0,1,0,8,8,studyC,video,8,8,0.875,1,0.875,0,0.125,0,0,0,data,running
run-yellow,20,6,0,2,0,0,0,0,0,1,0,8,8,studyC,video,8,8,0.75,1,0.75,0,0.25,0,0,0,data,running
run-yellow,6152017,5,0,3,0,0,0,0,0,2,0,8,8,studyC,video,8,8,0.625,1,0.625,0,0.375,0,0,0,data,running
run-yellow,21,7,0,1,0,0,0,0,0,1,0,8,8,studyC,video,8,8,0.875,1,0.875,0,0.125,0,0,0,data,running
run-yellow,27,7,0,1,0,0,0,0,0,0,0,8,8,studyC,video,8,8,0.875,1,0.875,0,0.125,0,0,0,data,running
run-yellow,user014,7,0,1,0,0,0,0,0,1,0,8,8,studyC,video,8,8,0.875,1,0.875,0,0.125,0,0,0,data,running
run-yellow,36,1,0,7,0,0,0,0,0,0,0,8,8,studyC,video,8,8,0.125,1,0.125,0,0.875,0,0,0,data,running
run-yellow,3,2,0,2,0,4,0,0,0,0,0,4,8,studyC,video,8,8,0.5,0.5,0.25,0,0.25,0,0.5,0,data,running
run-red,42,3,0,0,0,5,0,0,0,0,0,3,8,studyC,data,8,8,1,0.375,0.375,0,0,0,0.625,0,video,running
run-red,user008,3,0,4,0,1,0,0,0,0,0,7,8,studyC,data,8,8,0.4285714286,0.875,0.375,0,0.5,0,0.125,0,video,running
run-red,45,3,0,0,0,5,0,0,0,0,0,3,8,studyC,data,8,8,1,0.375,0.375,0,0,0,0.625,0,video,running
run-red,47,1,0,1,0,6,0,0,0,0,0,2,8,studyC,data,8,8,0.5,0.25,0.125,0,0.125,0,0.75,0,video,running
run-red,46,3,0,1,0,4,0,0,0,0,0,4,8,studyC,data,8,8,0.75,0.5,0.375,0,0.125,0,0.5,0,video,running
run-red,10,4,0,0,0,4,0,0,0,0,0,4,8,studyC,data,8,8,1,0.5,0.5,0,0,0,0.5,0,video,running
run-red,20,3,0,1,0,4,0,0,0,0,0,4,8,studyC,data,8,8,0.75,0.5,0.375,0,0.125,0,0.5,0,video,running
run-red,6152017,1,0,1,0,6,0,0,0,0,0,2,8,studyC,data,8,8,0.5,0.25,0.125,0,0.125,0,0.75,0,video,running
run-red,21,4,0,1,0,3,0,0,0,0,0,5,8,studyC,data,8,8,0.8,0.625,0.5,0,0.125,0,0.375,0,video,running
run-red,27,4,0,2,0,2,0,0,0,0,0,6,8,studyC,data,8,8,0.6666666667,0.75,0.5,0,0.25,0,0.25,0,video,running
run-red,user014,2,0,2,0,4,0,0,0,0,0,4,8,studyC,data,8,8,0.5,0.5,0.25,0,0.25,0,0.5,0,video,running
run-red,36,0,0,1,0,7,0,0,0,0,0,1,8,studyC,data,8,8,0,0.125,0,0,0.125,0,0.875,0,video,running
run-red,3,5,0,3,0,0,0,0,0,0,0,8,8,studyC,data,8,8,0.625,1,0.625,0,0.375,0,0,0,video,running
run-pink,42,7,0,1,0,0,0,0,0,0,0,8,8,studyC,video,8,8,0.875,1,0.875,0,0.125,0,0,0,data,after-distraction
run-pink,user008,6,0,2,0,0,0,0,0,0,0,8,8,studyC,video,8,8,0.75,1,0.75,0,0.25,0,0,0,data,after-distraction
run-pink,10,4,0,4,0,0,0,0,0,0,0,8,8,studyC,video,8,8,0.5,1,0.5,0,0.5,0,0,0,data,after-distraction
run-pink,20,6,0,2,0,0,0,0,0,0,0,8,8,studyC,video,8,8,0.75,1,0.75,0,0.25,0,0,0,data,after-distraction
run-pink,6152017,3,0,5,0,0,0,0,0,0,0,8,8,studyC,video,8,8,0.375,1,0.375,0,0.625,0,0,0,data,after-distraction
run-pink,21,6,0,2,0,0,0,0,0,0,0,8,8,studyC,video,8,8,0.75,1,0.75,0,0.25,0,0,0,data,after-distraction
run-pink,27,7,0,1,0,0,0,0,0,0,0,8,8,studyC,video,8,8,0.875,1,0.875,0,0.125,0,0,0,data,after-distraction
run-pink,user014,5,0,3,0,0,0,0,0,0,0,8,8,studyC,video,8,8,0.625,1,0.625,0,0.375,0,0,0,data,after-distraction
run-pink,36,1,0,7,0,0,0,0,0,0,0,8,8,studyC,video,8,8,0.125,1,0.125,0,0.875,0,0,0,data,after-distraction
pills-pink,45,6,0,2,0,0,0,0,0,1,0,8,8,studyC,video,8,8,0.75,1,0.75,0,0.25,0,0,0,data,after-distraction
pills-pink,47,5,2,1,0,0,0,0,0,0,0,8,8,studyC,video,8,8,0.625,1,0.625,0.25,0.125,0,0,0,data,after-distraction
pills-pink,46,8,0,0,0,0,0,0,0,1,0,8,8,studyC,video,8,8,1,1,1,0,0,0,0,0,data,after-distraction
pill-blue,34,6,0,0,0,2,0,0,0,0,0,6,8,studyD,none,8,8,1,0.75,0.75,0,0,0,0.25,0,both,pills
pill-blue,53,2,0,4,0,2,0,0,0,1,0,6,8,studyD,none,8,8,0.3333333333,0.75,0.25,0,0.5,0,0.25,0,both,pills
pill-blue,39,1,0,2,0,5,0,0,0,0,0,3,8,studyD,none,8,8,0.3333333333,0.375,0.125,0,0.25,0,0.625,0,both,pills
pill-blue,48,0,0,4,0,4,0,0,0,1,0,4,8,studyD,none,8,8,0,0.5,0,0,0.5,0,0.5,0,both,pills
pill-blue,18,5,0,1,0,2,0,0,0,1,0,6,8,studyD,none,8,8,0.8333333333,0.75,0.625,0,0.125,0,0.25,0,both,pills
pill-blue,50,4,0,0,0,4,0,0,0,0,0,4,8,studyD,none,8,8,1,0.5,0.5,0,0,0,0.5,0,both,pills
pill-blue,graceef,8,0,0,0,0,0,0,0,0,0,8,8,studyD,none,8,8,1,1,1,0,0,0,0,0,both,pills
pill-blue,43,4,0,1,0,3,0,0,0,0,0,5,8,studyD,none,8,8,0.8,0.625,0.5,0,0.125,0,0.375,0,both,pills
pill-blue,56,3,0,3,0,2,0,0,0,0,0,6,8,studyD,none,8,8,0.5,0.75,0.375,0,0.375,0,0.25,0,both,pills
pill-blue,23,6,0,0,0,2,0,0,0,0,0,6,8,studyD,none,8,8,1,0.75,0.75,0,0,0,0.25,0,both,pills
pill-blue,atangren,1,0,4,0,3,0,0,0,0,0,5,8,studyD,none,8,8,0.2,0.625,0.125,0,0.5,0,0.375,0,both,pills
pill-blue,31,5,0,1,0,2,0,0,0,1,0,6,8,studyD,none,8,8,0.8333333333,0.75,0.625,0,0.125,0,0.25,0,both,pills
pill-blue,5,2,0,0,0,6,0,0,0,0,0,2,8,studyD,none,8,8,1,0.25,0.25,0,0,0,0.75,0,both,pills
pill-blue,52,2,0,1,0,5,0,0,0,0,0,3,8,studyD,none,8,8,0.6666666667,0.375,0.25,0,0.125,0,0.625,0,both,pills
pill-blue,55,3,0,0,0,5,0,0,0,0,0,3,8,studyD,none,8,8,1,0.375,0.375,0,0,0,0.625,0,both,pills
pill-blue,49,4,1,3,0,0,0,0,0,0,0,8,8,studyD,none,8,8,0.5,1,0.5,0.125,0.375,0,0,0,both,pills
pill-blue,51,1,0,2,0,5,0,0,0,2,0,3,8,studyD,none,8,8,0.3333333333,0.375,0.125,0,0.25,0,0.625,0,both,pills
pill-red,34,2,0,1,0,3,0,0,0,0,0,3,6,studyD,data,6,6,0.6666666667,0.5,0.3333333333,0,0.1666666667,0,0.5,0,video,pills
pill-red,53,0,0,3,0,3,0,0,0,1,0,3,6,studyD,data,6,6,0,0.5,0,0,0.5,0,0.5,0,video,pills
pill-red,39,0,0,2,0,4,1,0,0,0,1,3,6,studyD,data,7,6,0,0.3333333333,0,0,0.3333333333,0,0.6666666667,0.1428571429,video,pills
pill-red,48,1,0,1,0,4,0,0,0,0,0,2,6,studyD,data,6,6,0.5,0.3333333333,0.1666666667,0,0.1666666667,0,0.6666666667,0,video,pills
pill-red,18,2,0,0,0,4,0,0,0,1,0,2,6,studyD,data,6,6,1,0.3333333333,0.3333333333,0,0,0,0.6666666667,0,video,pills
pill-red,50,0,0,1,0,5,1,0,0,0,1,2,6,studyD,data,7,6,0,0.1666666667,0,0,0.1666666667,0,0.8333333333,0.1428571429,video,pills
pill-red,graceef,1,0,4,0,1,0,0,0,0,0,5,6,studyD,data,6,6,0.2,0.8333333333,0.1666666667,0,0.6666666667,0,0.1666666667,0,video,pills
pill-red,43,1,0,1,0,4,1,0,0,0,1,3,6,studyD,data,7,6,0.5,0.3333333333,0.1666666667,0,0.1666666667,0,0.6666666667,0.1428571429,video,pills
pill-red,56,0,0,2,0,4,1,0,0,1,0,3,6,studyD,data,7,6,0,0.3333333333,0,0,0.3333333333,0,0.6666666667,0.1428571429,video,pills
pill-red,23,2,0,0,1,3,0,0,0,0,0,3,6,studyD,data,6,6,0.6666666667,0.5,0.3333333333,0,0,0.1666666667,0.5,0,video,pills
pill-red,atangren,0,0,4,0,2,0,0,0,0,0,4,6,studyD,data,6,6,0,0.6666666667,0,0,0.6666666667,0,0.3333333333,0,video,pills
pill-red,31,0,0,3,0,3,0,0,0,1,0,3,6,studyD,data,6,6,0,0.5,0,0,0.5,0,0.5,0,video,pills
pill-red,5,1,0,0,0,5,0,0,0,0,0,1,6,studyD,data,6,6,1,0.1666666667,0.1666666667,0,0,0,0.8333333333,0,video,pills
pill-red,52,2,0,0,0,4,0,0,0,0,0,2,6,studyD,data,6,6,1,0.3333333333,0.3333333333,0,0,0,0.6666666667,0,video,pills
pill-red,55,1,0,0,0,5,0,0,0,0,0,1,6,studyD,data,6,6,1,0.1666666667,0.1666666667,0,0,0,0.8333333333,0,video,pills
pill-red,49,2,0,1,0,3,0,0,0,0,0,3,6,studyD,data,6,6,0.6666666667,0.5,0.3333333333,0,0.1666666667,0,0.5,0,video,pills
pill-red,51,1,0,1,0,4,0,0,0,1,0,2,6,studyD,data,6,6,0.5,0.3333333333,0.1666666667,0,0.1666666667,0,0.6666666667,0,video,pills
pill-orange,34,7,1,0,0,0,0,0,0,0,0,8,8,studyD,video,8,8,0.875,1,0.875,0.125,0,0,0,0,data,pills
pill-orange,53,0,1,6,1,0,0,0,0,2,0,8,8,studyD,video,8,8,0,1,0,0.125,0.75,0.125,0,0,data,pills
pill-orange,39,1,0,6,1,0,0,0,0,1,0,8,8,studyD,video,8,8,0.125,1,0.125,0,0.75,0.125,0,0,data,pills
pill-orange,48,7,1,0,0,0,0,0,0,1,0,8,8,studyD,video,8,8,0.875,1,0.875,0.125,0,0,0,0,data,pills
pill-orange,18,7,1,0,0,0,0,0,0,2,0,8,8,studyD,video,8,8,0.875,1,0.875,0.125,0,0,0,0,data,pills
pill-orange,50,4,4,0,0,0,0,0,0,0,0,8,8,studyD,video,8,8,0.5,1,0.5,0.5,0,0,0,0,data,pills
pill-orange,graceef,2,6,0,0,0,0,0,0,1,0,8,8,studyD,video,8,8,0.25,1,0.25,0.75,0,0,0,0,data,pills
pill-orange,15,1,0,2,1,4,4,0,0,0,4,8,8,studyD,video,12,8,0.25,0.5,0.125,0,0.25,0.125,0.5,0.3333333333,data,pills
pill-orange,43,4,0,0,0,4,1,0,0,0,1,5,8,studyD,video,9,8,1,0.5,0.5,0,0,0,0.5,0.1111111111,data,pills
pill-orange,56,6,1,1,0,0,0,0,0,2,0,8,8,studyD,video,8,8,0.75,1,0.75,0.125,0.125,0,0,0,data,pills
pill-orange,23,3,4,0,0,1,0,0,0,0,0,7,8,studyD,video,8,8,0.4285714286,0.875,0.375,0.5,0,0,0.125,0,data,pills
pill-orange,atangren,7,0,1,0,0,0,0,0,0,0,8,8,studyD,video,8,8,0.875,1,0.875,0,0.125,0,0,0,data,pills
pill-orange,31,7,0,1,0,0,0,0,0,2,0,8,8,studyD,video,8,8,0.875,1,0.875,0,0.125,0,0,0,data,pills
pill-orange,5,2,1,0,0,5,0,0,0,0,0,3,8,studyD,video,8,8,0.6666666667,0.375,0.25,0.125,0,0,0.625,0,data,pills
pill-orange,52,5,1,0,0,2,0,0,0,0,0,6,8,studyD,video,8,8,0.8333333333,0.75,0.625,0.125,0,0,0.25,0,data,pills
pill-orange,55,7,1,0,0,0,0,0,0,0,0,8,8,studyD,video,8,8,0.875,1,0.875,0.125,0,0,0,0,data,pills
pill-orange,49,6,2,0,0,0,0,0,0,0,0,8,8,studyD,video,8,8,0.75,1,0.75,0.25,0,0,0,0,data,pills
pill-orange,51,2,2,0,0,4,0,0,0,1,0,4,8,studyD,video,8,8,0.5,0.5,0.25,0.25,0,0,0.5,0,data,pills
run-blue,34,1,0,4,0,3,0,0,0,0,0,5,8,studyD,none,8,8,0.2,0.625,0.125,0,0.5,0,0.375,0,both,running
run-blue,53,2,0,5,0,1,1,0,0,0,1,8,8,studyD,none,9,8,0.2857142857,0.875,0.25,0,0.625,0,0.125,0.1111111111,both,running
run-blue,39,6,0,2,0,0,0,0,0,0,0,8,8,studyD,none,8,8,0.75,1,0.75,0,0.25,0,0,0,both,running
run-blue,48,0,0,8,0,0,0,0,0,0,0,8,8,studyD,none,8,8,0,1,0,0,1,0,0,0,both,running
run-blue,18,5,0,3,0,0,0,0,0,0,0,8,8,studyD,none,8,8,0.625,1,0.625,0,0.375,0,0,0,both,running
run-blue,50,3,0,3,0,2,0,0,0,0,0,6,8,studyD,none,8,8,0.5,0.75,0.375,0,0.375,0,0.25,0,both,running
run-blue,graceef,3,0,5,0,0,0,0,0,0,0,8,8,studyD,none,8,8,0.375,1,0.375,0,0.625,0,0,0,both,running
run-blue,15,0,0,0,0,8,7,0,0,0,8,7,8,studyD,none,15,8,0,0,0,0,0,0,1,0.4666666667,both,running
run-blue,43,6,0,2,0,0,0,0,0,0,0,8,8,studyD,none,8,8,0.75,1,0.75,0,0.25,0,0,0,both,running
run-blue,56,5,0,3,0,0,0,0,0,0,0,8,8,studyD,none,8,8,0.625,1,0.625,0,0.375,0,0,0,both,running
run-blue,23,5,0,1,0,2,0,0,0,0,0,6,8,studyD,none,8,8,0.8333333333,0.75,0.625,0,0.125,0,0.25,0,both,running
run-blue,atangren,7,0,1,0,0,0,0,0,0,0,8,8,studyD,none,8,8,0.875,1,0.875,0,0.125,0,0,0,both,running
run-blue,31,5,0,3,0,0,0,0,0,0,0,8,8,studyD,none,8,8,0.625,1,0.625,0,0.375,0,0,0,both,running
run-blue,5,4,0,4,0,0,0,0,0,0,0,8,8,studyD,none,8,8,0.5,1,0.5,0,0.5,0,0,0,both,running
run-blue,52,2,0,0,0,6,0,0,0,0,0,2,8,studyD,none,8,8,1,0.25,0.25,0,0,0,0.75,0,both,running
run-blue,55,2,0,0,0,6,0,0,0,0,0,2,8,studyD,none,8,8,1,0.25,0.25,0,0,0,0.75,0,both,running
run-blue,49,3,0,5,0,0,0,0,0,0,0,8,8,studyD,none,8,8,0.375,1,0.375,0,0.625,0,0,0,both,running
run-blue,51,1,0,4,0,3,0,0,0,0,0,5,8,studyD,none,8,8,0.2,0.625,0.125,0,0.5,0,0.375,0,both,running
run-yellow,34,1,0,2,0,5,0,0,0,0,0,3,8,studyD,data,8,8,0.3333333333,0.375,0.125,0,0.25,0,0.625,0,video,running
run-yellow,53,1,0,1,0,6,0,0,0,0,0,2,8,studyD,data,8,8,0.5,0.25,0.125,0,0.125,0,0.75,0,video,running
run-yellow,39,1,0,2,0,5,0,0,0,0,0,3,8,studyD,data,8,8,0.3333333333,0.375,0.125,0,0.25,0,0.625,0,video,running
run-yellow,48,0,0,2,0,6,0,0,0,0,0,2,8,studyD,data,8,8,0,0.25,0,0,0.25,0,0.75,0,video,running
run-yellow,18,1,0,2,0,5,0,0,0,0,0,3,8,studyD,data,8,8,0.3333333333,0.375,0.125,0,0.25,0,0.625,0,video,running
run-yellow,50,2,0,2,0,4,1,0,0,0,1,5,8,studyD,data,9,8,0.5,0.5,0.25,0,0.25,0,0.5,0.1111111111,video,running
run-yellow,graceef,0,0,2,0,6,0,0,0,0,0,2,8,studyD,data,8,8,0,0.25,0,0,0.25,0,0.75,0,video,running
run-yellow,15,1,0,1,0,6,0,0,0,0,0,2,8,studyD,data,8,8,0.5,0.25,0.125,0,0.125,0,0.75,0,video,running
run-yellow,43,1,0,2,0,5,0,0,0,0,0,3,8,studyD,data,8,8,0.3333333333,0.375,0.125,0,0.25,0,0.625,0,video,running
run-yellow,56,1,0,1,0,6,0,0,0,0,0,2,8,studyD,data,8,8,0.5,0.25,0.125,0,0.125,0,0.75,0,video,running
run-yellow,23,1,0,2,0,5,0,0,0,0,0,3,8,studyD,data,8,8,0.3333333333,0.375,0.125,0,0.25,0,0.625,0,video,running
run-yellow,atangren,0,0,2,0,6,1,0,0,0,0,3,8,studyD,data,9,8,0,0.25,0,0,0.25,0,0.75,0.1111111111,video,running
run-yellow,31,2,0,2,0,4,0,0,0,0,0,4,8,studyD,data,8,8,0.5,0.5,0.25,0,0.25,0,0.5,0,video,running
run-yellow,5,1,0,1,0,6,0,0,0,0,0,2,8,studyD,data,8,8,0.5,0.25,0.125,0,0.125,0,0.75,0,video,running
run-yellow,52,2,0,0,0,6,0,0,0,0,0,2,8,studyD,data,8,8,1,0.25,0.25,0,0,0,0.75,0,video,running
run-yellow,55,1,0,1,0,6,0,0,0,0,0,2,8,studyD,data,8,8,0.5,0.25,0.125,0,0.125,0,0.75,0,video,running
run-yellow,49,0,0,2,0,6,1,0,0,0,1,3,8,studyD,data,9,8,0,0.25,0,0,0.25,0,0.75,0.1111111111,video,running
run-yellow,51,0,0,1,0,7,0,0,0,0,0,1,8,studyD,data,8,8,0,0.125,0,0,0.125,0,0.875,0,video,running
run-red,34,5,0,3,0,0,0,0,0,0,0,8,8,studyD,video,8,8,0.625,1,0.625,0,0.375,0,0,0,data,running
run-red,53,3,0,3,0,2,2,0,0,0,2,8,8,studyD,video,10,8,0.5,0.75,0.375,0,0.375,0,0.25,0.2,data,running
run-red,39,0,0,8,0,0,0,0,0,0,0,8,8,studyD,video,8,8,0,1,0,0,1,0,0,0,data,running
run-red,48,0,0,6,0,2,2,0,0,0,9,8,8,studyD,video,10,8,0,0.75,0,0,0.75,0,0.25,0.2,data,running
run-red,18,8,0,0,0,0,0,0,0,0,0,8,8,studyD,video,8,8,1,1,1,0,0,0,0,0,data,running
run-red,50,0,8,0,0,0,0,0,0,0,0,8,8,studyD,video,8,8,0,1,0,1,0,0,0,0,data,running
run-red,graceef,6,1,1,0,0,0,0,0,0,0,8,8,studyD,video,8,8,0.75,1,0.75,0.125,0.125,0,0,0,data,running
run-red,15,0,0,0,0,8,8,0,0,1,9,8,8,studyD,video,16,8,0,0,0,0,0,0,1,0.5,data,running
run-red,43,8,0,0,0,0,1,0,0,0,0,9,8,studyD,video,9,8,1,1,1,0,0,0,0,0.1111111111,data,running
run-red,56,2,5,0,1,0,0,0,0,0,0,8,8,studyD,video,8,8,0.25,1,0.25,0.625,0,0.125,0,0,data,running
run-red,23,8,0,0,0,0,0,0,0,0,0,8,8,studyD,video,8,8,1,1,1,0,0,0,0,0,data,running
run-red,atangren,8,0,0,0,0,0,0,0,0,0,8,8,studyD,video,8,8,1,1,1,0,0,0,0,0,data,running
run-red,31,1,5,0,2,0,0,0,0,0,0,8,8,studyD,video,8,8,0.125,1,0.125,0.625,0,0.25,0,0,data,running
run-red,5,6,0,2,0,0,0,0,0,0,0,8,8,studyD,video,8,8,0.75,1,0.75,0,0.25,0,0,0,data,running
run-red,52,5,0,0,0,3,0,0,0,0,0,5,8,studyD,video,8,8,1,0.625,0.625,0,0,0,0.375,0,data,running
run-red,55,5,0,1,0,2,0,0,0,0,0,6,8,studyD,video,8,8,0.8333333333,0.75,0.625,0,0.125,0,0.25,0,data,running
run-red,49,3,0,5,0,0,0,0,0,0,0,8,8,studyD,video,8,8,0.375,1,0.375,0,0.625,0,0,0,data,running
run-red,51,0,6,0,2,0,0,0,0,0,0,8,8,studyD,video,8,8,0,1,0,0.75,0,0.25,0,0,data,running
pills-pink,34,8,0,0,0,0,0,0,0,0,0,8,8,studyD,video,8,8,1,1,1,0,0,0,0,0,data,after-distraction
pills-pink,53,1,0,7,0,0,0,0,0,1,0,8,8,studyD,video,8,8,0.125,1,0.125,0,0.875,0,0,0,data,after-distraction
pills-pink,39,0,0,8,0,0,0,0,0,1,0,8,8,studyD,video,8,8,0,1,0,0,1,0,0,0,data,after-distraction
pills-pink,48,3,0,5,0,0,0,0,0,1,0,8,8,studyD,video,8,8,0.375,1,0.375,0,0.625,0,0,0,data,after-distraction
pills-pink,18,8,0,0,0,0,0,0,0,2,0,8,8,studyD,video,8,8,1,1,1,0,0,0,0,0,data,after-distraction
pills-pink,50,0,8,0,0,0,0,0,0,1,0,8,8,studyD,video,8,8,0,1,0,1,0,0,0,0,data,after-distraction
pills-pink,graceef,7,1,0,0,0,0,0,0,0,0,8,8,studyD,video,8,8,0.875,1,0.875,0.125,0,0,0,0,data,after-distraction
pills-pink,15,0,0,2,0,6,6,0,0,0,6,8,8,studyD,video,14,8,0,0.25,0,0,0.25,0,0.75,0.4285714286,data,after-distraction
pills-pink,43,7,0,1,0,0,0,0,0,0,0,8,8,studyD,video,8,8,0.875,1,0.875,0,0.125,0,0,0,data,after-distraction
pills-pink,56,8,0,0,0,0,0,0,0,1,0,8,8,studyD,video,8,8,1,1,1,0,0,0,0,0,data,after-distraction
pills-pink,atangren,8,0,0,0,0,0,0,0,0,0,8,8,studyD,video,8,8,1,1,1,0,0,0,0,0,data,after-distraction
pills-pink,31,6,0,2,0,0,0,0,0,1,0,8,8,studyD,video,8,8,0.75,1,0.75,0,0.25,0,0,0,data,after-distraction
pills-pink,52,6,0,0,0,2,0,0,0,0,0,6,8,studyD,video,8,8,1,0.75,0.75,0,0,0,0.25,0,data,after-distraction
pills-pink,55,8,0,0,0,0,0,0,0,1,0,8,8,studyD,video,8,8,1,1,1,0,0,0,0,0,data,after-distraction
pills-pink,49,6,0,2,0,0,0,0,0,0,0,8,8,studyD,video,8,8,0.75,1,0.75,0,0.25,0,0,0,data,after-distraction
pills-pink,51,7,1,0,0,0,0,0,0,0,0,8,8,studyD,video,8,8,0.875,1,0.875,0.125,0,0,0,0,data,after-distraction
task,user,correct,mislabelled,off,wrong,missed,ghosts,explosions,hiccups,dropped,merged,num-user-labels,num-gold-labels,study,hidden,total-labels,minus-ghosts,internal-accuracy,% complete,% correct,% mislabelled,% off,% wrong,% missed,% ghosts,saw,task-type