practice-first,2,2,0,2,2,0,0,0,0,1,1,2.942,1,1.656,0,0,5,7,0.82,5,5,1,0,0,studyA,none
practice-first,7,12,11,0,1,0,0,0,0,1,0,0,0,0,0,0,74,6,12.899,4,5,0,0,0,studyA,none
practice-first,11,12,12,0,2,0,0,0,0,0,0,0,2,3.772,0,0,33,0,0,2,2,0,0,0,studyA,none
practice-first,13,6,5,0,6,1,2,0,0,3,1,0.094,2,9.556,0,0,31,0,0,1,2,0,0,1,studyA,none
practice-first,17,9,7,0,1,0,1,0,4,0,0,0,1,0.902,18,0,51,0,0,14,14,1,0,0,studyA,none
practice-first,22,17,17,0,5,0,0,0,0,5,0,0,0,0,13,0,53,2,0.184,7,8,0,69,0,studyA,none
practice-first,25,11,9,0,2,0,0,0,1,1,0,0,1,1.847,0,0,25,1,0.068,18,19,0,0,0,studyA,none
practice-first,28,3,2,0,2,0,1,0,1,0,0,0,2,2.18,0,0,17,1,1.369,14,14,7,2,0,studyA,none
practice-first,33,19,1,18,1,0,0,0,0,1,0,0,0,0,0,0,3,1,0.097,5,4,6,0,0,studyA,none
practice-first,38,6,1,2,5,0,0,0,0,5,0,0,0,0,0,0,21,6,1.324,6,7,1,0,0,studyA,none
practice-first,40,8,4,2,0,0,0,0,0,0,0,0,0,0,0,0,21,0,0,2,3,0,0,0,studyA,none
practice-first,44,3,3,0,1,0,0,0,0,1,0,0,0,0,0,0,21,5,3.755,6,6,0,0,0,studyA,none
practice-second,2,5,0,5,0,0,0,0,0,0,0,0,0,0,0,0,0,2,0.199,2,3,3,0,0,studyA,video
practice-second,7,10,9,0,0,0,0,0,0,0,0,0,0,0,0,0,38,0,0,0,0,0,0,0,studyA,video
practice-second,11,18,18,0,0,0,0,0,0,0,0,0,0,0,0,0,43,0,0,0,0,0,0,0,studyA,video
practice-second,13,9,8,0,0,0,0,0,1,0,0,0,0,0,0,0,25,0,0,1,1,0,0,0,studyA,video
practice-second,17,11,11,0,1,1,0,0,0,0,0,0,1,0.927,0,0,43,0,0,0,1,0,0,0,studyA,video
practice-second,22,17,17,0,0,0,0,0,0,0,0,0,0,0,32,0,84,0,0,0,0,0,0,0,studyA,video
practice-second,25,16,14,2,2,0,1,0,0,0,0,0,3,5.856,0,0,39,0,0,1,2,0,0,0,studyA,video
practice-second,28,8,7,0,2,0,2,0,1,0,0,0,0,0,5,0,25,1,0.363,0,1,0,0,0,studyA,video
practice-second,33,7,0,7,3,0,0,0,0,2,0,0,0,0,0,0,10,7,0.486,2,3,1,0,0,studyA,video
practice-second,38,8,8,0,0,0,0,0,0,0,0,0,0,0,0,0,23,2,0.213,2,3,1,0,0,studyA,video
practice-second,40,22,10,5,1,0,0,0,0,0,0,0,1,0.812,0,0,26,0,0,0,1,0,0,0,studyA,video
practice-second,44,11,10,0,1,0,0,0,0,1,0,0,0,0,0,0,32,0,0,0,0,0,0,0,studyA,video
practice-third,2,8,0,7,3,0,1,0,0,2,1,2.351,0,0,0,0,6,3,0.411,2,2,2,0,0,studyA,data
practice-third,7,22,18,0,4,0,1,0,2,2,0,0,1,0.727,0,0,44,14,0.965,4,4,2,0,0,studyA,data
practice-third,11,5,1,0,3,0,0,0,0,3,0,0,0,0,0,0,20,0,0,6,6,0,0,3,studyA,data
practice-third,13,6,2,0,3,0,0,0,2,2,0,0,1,1.151,0,0,22,1,0.695,5,5,1,0,0,studyA,data
practice-third,17,11,4,0,1,0,0,0,2,1,0,0,0,0,0,0,12,1,0.146,7,6,2,0,0,studyA,data
practice-third,22,20,20,0,2,0,0,0,0,2,0,0,0,0,11,0,44,0,0,25,25,0,0,0,studyA,data
practice-third,25,7,7,0,4,0,3,0,0,0,0,0,4,5.153,0,0,30,1,0.098,20,19,0,0,0,studyA,data
practice-third,28,2,1,0,2,0,1,0,1,1,0,0,0,0,1,1,29,1,0.74,13,12,10,4,0,studyA,data
practice-third,33,20,0,20,0,0,0,0,0,0,0,0,0,0,0,0,0,4,0.26,0,0,0,0,0,studyA,data
practice-third,38,20,0,17,2,0,0,0,0,2,0,0,0,0,0,0,2,5,1.376,3,3,1,0,0,studyA,data
practice-third,40,18,1,17,4,0,1,0,0,2,1,0.133,3,4.541,0,0,14,0,0,5,6,0,2,0,studyA,data
practice-third,44,12,12,0,1,0,0,0,0,1,0,0,0,0,0,0,20,5,0.413,14,15,0,0,0,studyA,data
run-blue,2,5,1,3,1,0,0,0,0,1,0,0,0,0,0,0,2,2,0.223,2,2,4,0,0,studyA,none
run-blue,7,8,8,0,1,0,0,0,0,0,0,0,1,0.96,0,0,101,0,0,3,4,0,0,0,studyA,none
run-blue,11,8,8,0,0,0,0,0,0,0,0,0,0,0,1,0,37,0,0,8,9,0,0,0,studyA,none
run-blue,13,5,1,4,6,0,1,2,0,0,1,0.198,7,8.71,0,0,27,0,0,6,6,1,0,0,studyA,none
run-blue,17,8,8,0,4,2,2,0,0,0,0,0,5,5.197,0,0,52,0,0,4,4,0,0,0,studyA,none
run-blue,22,8,8,0,0,0,0,0,0,0,0,0,0,0,24,0,61,43,2.997,8,9,3,0,0,studyA,none
run-blue,25,8,8,0,5,0,3,1,0,0,0,0,3,3.886,0,0,53,0,0,19,19,0,0,0,studyA,none
run-blue,28,8,0,7,0,0,0,0,0,0,0,0,0,0,0,0,36,0,0,11,11,2,0,0,studyA,none
run-blue,33,5,0,5,1,0,0,0,0,0,0,0,1,0.776,0,0,2,11,0.983,3,3,4,0,0,studyA,none
run-blue,38,4,4,0,3,0,1,0,0,1,0,0,2,3.91,0,0,25,0,0,10,11,2,0,0,studyA,none
run-blue,40,11,8,2,2,0,0,0,0,0,0,0,2,1.926,0,0,34,0,0,1,2,0,0,0,studyA,none
run-blue,44,9,9,0,1,0,0,0,0,1,0,0,0,0,0,0,44,0,0,9,9,0,0,0,studyA,none
run-yellow,2,10,0,10,4,0,2,0,0,1,0,0,4,8.677,0,0,37,0,0,1,2,1,0,0,studyA,video
run-yellow,7,11,10,0,3,0,3,1,0,0,0,0,2,2.111,0,0,89,1,0.067,0,1,0,0,0,studyA,video
run-yellow,11,9,9,0,0,0,0,0,0,0,0,0,0,0,0,0,28,0,0,0,1,0,0,0,studyA,video
run-yellow,13,8,8,0,1,0,0,0,0,0,0,0,1,1.039,0,0,39,0,0,0,0,0,0,0,studyA,video
run-yellow,17,11,9,0,4,3,0,1,2,0,0,0,2,1.832,0,0,47,0,0,0,1,0,0,0,studyA,video
run-yellow,22,10,10,0,3,1,0,1,0,1,0,0,0,0,34,0,88,0,0,0,1,0,0,0,studyA,video
run-yellow,25,10,10,0,3,0,1,1,0,1,0,0,0,0,0,0,33,0,0,0,1,0,0,0,studyA,video
run-yellow,28,12,5,4,1,0,0,0,3,0,0,0,2,3.022,0,0,77,0,0,2,2,0,0,0,studyA,video
run-yellow,33,11,4,6,6,0,1,1,0,1,3,4.679,3,2.8,0,0,43,1,0.45,3,4,6,0,0,studyA,video
run-yellow,38,10,10,0,0,0,0,0,0,0,0,0,0,0,0,0,33,0,0,0,1,0,0,0,studyA,video
run-yellow,40,11,9,2,0,0,0,0,0,0,0,0,0,0,0,0,19,0,0,0,1,0,0,0,studyA,video
run-yellow,44,9,9,0,0,0,0,0,0,0,0,0,0,0,0,0,32,0,0,1,1,0,0,0,studyA,video
run-red,2,4,0,4,0,0,0,0,0,0,0,0,0,0,0,0,0,6,46.202,0,0,1,0,0,studyA,data
run-red,7,7,4,0,0,0,0,0,2,0,0,0,0,0,0,0,28,0,0,5,6,2,182,0,studyA,data
run-red,11,6,1,3,3,0,0,0,0,3,0,0,0,0,0,0,7,0,0,2,2,3,0,0,studyA,data
run-red,13,3,0,3,2,0,1,0,0,0,0,0,2,1.294,0,0,32,0,0,2,3,2,0,0,studyA,data
run-red,17,4,2,1,2,1,0,0,0,0,0,0,2,4.078,0,0,67,0,0,5,4,11,0,0,studyA,data
run-red,22,6,4,0,4,0,0,0,0,0,0,0,4,4.662,4,0,24,52,3.266,14,15,2,0,0,studyA,data
run-red,25,4,4,0,4,0,1,1,0,0,0,0,2,2.832,0,0,53,0,0,13,12,3,0,0,studyA,data
run-red,28,2,0,2,1,1,0,0,0,0,0,0,1,0.687,0,0,27,20,1.399,9,9,2,0,0,studyA,data
run-red,33,4,2,2,6,0,5,1,0,0,2,1.088,4,4.63,0,0,114,2,0.719,16,16,4,0,0,studyA,data
run-red,38,3,0,3,0,0,0,0,0,0,0,0,0,0,0,0,48,2,0.167,7,7,2,0,0,studyA,data
run-red,40,188,0,2,0,0,0,0,0,0,0,0,0,0,0,0,0,0,0,0,0,0,0,0,studyA,data
run-red,44,4,4,0,0,0,0,0,0,0,0,0,0,0,0,0,70,0,0,15,15,0,0,0,studyA,data
pill-blue,2,6,0,6,7,0,5,0,0,0,4,4.814,12,20.253,0,0,47,0,0,10,9,1,0,0,studyA,none
pill-blue,7,11,8,0,1,0,0,0,0,0,0,0,1,0.912,0,0,91,0,0,3,4,0,0,0,studyA,none
pill-blue,11,8,8,0,2,0,1,0,0,0,1,2.28,2,3.089,0,0,37,0,0,5,6,2,0,0,studyA,none
pill-blue,13,8,7,1,4,0,1,0,0,0,1,2.023,5,8.07,0,0,42,0,0,5,6,0,0,0,studyA,none
pill-blue,17,6,6,0,3,3,0,0,0,0,0,0,5,2.974,0,0,63,0,0,8,8,0,0,0,studyA,none
pill-blue,22,8,8,0,0,0,0,0,0,0,0,0,0,0,37,0,82,0,0,8,9,2,0,0,studyA,none
pill-blue,25,8,8,0,5,0,4,1,0,0,0,0,4,4.648,0,0,64,0,0,4,5,0,0,0,studyA,none
pill-blue,28,10,5,3,2,0,2,0,2,0,0,0,2,2.511,4,0,43,0,0,4,5,3,0,0,studyA,none
pill-blue,33,8,1,7,5,0,4,0,0,0,0,0,5,6.327,0,0,45,0,0,2,3,0,0,0,studyA,none
pill-blue,38,8,7,1,1,0,0,0,0,0,1,3.199,0,0,0,0,36,0,0,5,5,1,0,0,studyA,none
pill-blue,40,9,7,2,8,0,6,0,0,0,0,0,11,18.489,1,0,65,0,0,2,2,0,0,0,studyA,none
pill-blue,44,8,8,0,0,0,0,0,0,0,0,0,0,0,0,0,33,0,0,1,2,0,0,0,studyA,none
pill-red,2,7,1,6,8,0,6,0,0,1,0,0,7,9.96,1,0,63,0,0,6,5,1,0,0,studyA,video
pill-red,7,6,4,0,0,0,0,0,0,0,0,0,0,0,0,0,103,0,0,0,1,0,0,0,studyA,video
pill-red,11,6,6,0,0,0,0,0,0,0,0,0,0,0,0,0,31,0,0,0,0,0,0,0,studyA,video
pill-red,13,8,6,0,0,0,0,0,1,0,0,0,0,0,0,0,75,0,0,1,1,0,0,0,studyA,video
pill-red,17,6,6,0,3,3,0,0,0,0,0,0,3,4.079,0,0,40,0,0,0,1,0,0,0,studyA,video
pill-red,22,6,6,0,0,0,0,0,0,0,0,0,0,0,47,0,104,31,2.014,1,1,2,0,0,studyA,video
pill-red,25,8,7,0,4,0,2,0,0,0,1,2.4,4,6.47,0,0,47,0,0,0,0,0,0,0,studyA,video
pill-red,28,6,6,0,6,1,3,0,0,0,0,0,3,2.336,3,0,109,0,0,0,0,0,0,0,studyA,video
pill-red,33,6,1,5,9,0,8,2,0,0,3,5.804,5,6.394,0,0,64,1,0.373,4,3,1,0,0,studyA,video
pill-red,38,6,6,0,2,0,2,0,0,0,0,0,1,1.911,1,0,31,1,0.083,0,0,0,0,0,studyA,video
pill-red,40,6,6,0,0,0,0,0,0,0,0,0,0,0,0,0,28,0,0,0,0,0,0,0,studyA,video
pill-red,44,7,7,0,2,0,1,0,0,1,0,0,0,0,1,0,27,0,0,0,1,0,0,0,studyA,video
pill-orange,2,5,0,5,3,0,0,0,0,1,0,0,3,2.982,0,0,8,6,43.087,4,4,2,0,0,studyA,data
pill-orange,7,6,6,0,0,0,0,0,0,0,0,0,0,0,0,0,50,0,0,14,14,0,99,0,studyA,data
pill-orange,11,10,1,9,3,0,1,1,0,2,0,0,0,0,0,0,52,0,0,4,4,2,0,0,studyA,data
pill-orange,13,7,2,4,6,0,4,0,1,0,3,1.812,4,4.737,0,0,65,0,0,8,8,1,0,0,studyA,data
pill-orange,17,7,2,5,4,4,0,0,1,0,0,0,4,4.967,1,0,56,0,0,9,8,1,0,0,studyA,data
pill-orange,22,5,5,0,5,3,0,1,0,0,0,0,5,6.329,0,0,16,17,1.071,20,21,2,26,0,studyA,data
pill-orange,25,8,7,0,6,0,5,1,0,0,0,0,6,8.959,0,0,96,0,0,17,17,0,0,0,studyA,data
pill-orange,28,5,0,4,6,1,5,0,0,0,0,0,5,5.576,0,0,74,2,0.167,23,23,0,0,0,studyA,data
pill-orange,33,9,1,8,3,0,1,0,0,0,0,0,3,3.288,0,0,86,0,0,3,3,6,0,0,studyA,data
pill-orange,38,6,1,4,1,0,0,0,0,1,0,0,1,0.816,0,0,61,0,0,10,10,1,0,0,studyA,data
pill-orange,40,7,2,3,3,0,2,0,0,0,1,1.462,3,4.064,0,0,68,0,0,4,4,0,0,0,studyA,data
pill-orange,44,5,5,0,0,0,0,0,0,0,0,0,0,0,0,0,67,0,0,21,20,0,0,0,studyA,data
run-pink,2,8,2,6,8,0,1,0,0,0,0,0,12,20.199,0,0,39,0,0,6,7,1,0,0,studyA,video
run-pink,7,8,8,0,0,0,0,0,0,0,0,0,0,0,0,0,72,0,0,0,1,0,0,0,studyA,video
run-pink,11,8,8,0,0,0,0,0,0,0,0,0,0,0,0,0,26,0,0,0,1,0,0,0,studyA,video
run-pink,13,8,8,0,1,0,0,0,0,0,1,2.448,2,1.57,0,0,46,0,0,0,1,0,0,0,studyA,video
run-pink,17,8,8,0,1,1,0,1,0,0,0,0,0,0,0,0,37,0,0,0,1,0,0,0,studyA,video
run-pink,22,8,8,0,2,1,1,1,0,0,0,0,1,1.44,25,0,66,2,0.19,1,2,2,0,0,studyA,video
run-pink,25,8,8,0,0,0,0,0,0,0,0,0,0,0,0,0,51,0,0,0,1,0,0,0,studyA,video
run-pink,28,10,7,1,6,0,5,0,1,0,1,0.168,5,7.638,5,0,113,0,0,3,4,0,0,0,studyA,video
run-pink,33,9,1,8,9,0,9,0,0,0,4,6.751,4,5.013,0,0,58,1,0.302,1,2,2,0,0,studyA,video
run-pink,38,8,8,0,1,0,1,0,0,0,0,0,2,3.232,0,0,30,0,0,1,1,0,0,0,studyA,video
run-pink,40,13,8,4,0,0,0,0,0,0,0,0,0,0,0,0,22,0,0,0,1,0,0,0,studyA,video
run-pink,44,8,8,0,0,0,0,0,0,0,0,0,0,0,0,0,25,0,0,0,1,0,0,0,studyA,video
practice-first,1,83,3,0,16,0,0,0,2,16,0,0,0,0,0,0,46,0,0,0,1,2,0,0,studyB,none
practice-first,6,1,1,0,0,0,0,0,0,0,0,0,0,0,0,0,22,0,0,4,4,8,189,0,studyB,none
practice-first,9,7,6,0,2,1,0,0,0,1,0,0,2,2.79,3,0,21,2,0.157,9,9,3,0,0,studyB,none
practice-first,12,9,9,0,1,0,0,0,0,1,0,0,0,0,0,0,30,1,1.944,4,5,0,0,8,studyB,none
practice-first,16,5,5,0,4,0,2,0,0,0,0,0,3,7.564,1,0,20,0,0,8,9,2,3,0,studyB,none
practice-first,19,7,7,0,4,0,0,0,0,1,0,0,3,4.603,0,0,19,0,0,22,22,1,0,0,studyB,none
practice-first,24,4,3,0,0,0,0,0,1,0,0,0,0,0,0,0,6,8,6.981,8,9,0,6,0,studyB,none
practice-first,29,2,2,0,0,0,0,0,0,0,0,0,0,0,0,0,18,0,0,6,7,3,0,0,studyB,none
practice-first,30,6,6,0,1,0,1,0,0,0,0,0,0,0,0,0,30,0,0,14,14,0,0,0,studyB,none
practice-first,35,3,3,0,4,0,2,0,0,0,1,0.073,3,23.379,1,0,15,3,7.631,4,5,0,9,0,studyB,none
practice-first,37,20,0,20,2,0,0,0,0,2,0,0,0,0,0,0,16,0,0,2,1,0,0,0,studyB,none
practice-first,41,14,2,11,2,0,1,0,1,1,0,0,0,0,0,0,13,0,0,10,10,1,0,0,studyB,none
practice-first,2020,0,0,0,0,0,0,0,0,0,0,0,0,0,0,0,0,0,0,0,0,0,0,0,studyB,none
practice-second,1,28,4,0,1,0,0,0,1,0,0,0,0,0,0,0,22,1,4.029,1,1,5,0,0,studyB,data
practice-second,6,1,1,0,5,1,4,0,0,0,0,0,0,0,5,0,34,2,0.167,1,0,15,55,0,studyB,data
practice-second,9,7,2,2,3,2,0,0,0,0,0,0,2,3.63,0,0,6,2,0.121,6,7,5,0,0,studyB,data
practice-second,12,4,3,0,3,0,0,0,0,2,0,0,0,0,0,0,15,1,5.767,6,7,0,4,0,studyB,data
practice-second,16,9,5,0,11,0,6,0,0,3,0,0,4,7.366,5,0,32,0,0,9,10,4,0,0,studyB,data
practice-second,19,5,5,0,3,0,0,0,0,0,0,0,2,3.12,2,0,14,4,0.395,18,19,1,0,0,studyB,data
practice-second,24,3,2,0,3,3,0,0,0,0,0,0,3,4.717,0,0,15,1,3.659,6,7,0,0,0,studyB,data
practice-second,29,1,0,1,0,0,0,0,0,0,0,0,0,0,0,0,3,2,3.32,1,2,6,0,0,studyB,data
practice-second,30,15,3,6,2,0,0,0,1,2,0,0,0,0,0,0,9,3,0.275,31,31,0,0,0,studyB,data
practice-second,35,9,3,0,5,0,2,0,0,2,3,1.891,6,4.799,0,0,20,3,6.045,10,11,0,2,0,studyB,data
practice-second,37,26,0,26,0,0,0,0,0,0,0,0,0,0,0,0,0,0,0,0,0,0,0,0,studyB,data
practice-second,41,9,0,6,2,0,1,0,1,1,0,0,0,0,0,0,8,0,0,2,3,2,0,0,studyB,data
practice-second,2020,0,0,0,0,0,0,0,0,0,0,0,0,0,0,0,0,0,0,0,0,0,0,0,studyB,data
practice-third,1,20,20,0,0,0,0,0,0,0,0,0,0,0,0,0,54,0,0,0,1,3,0,0,studyB,video
practice-third,6,1,1,0,0,0,0,0,0,0,0,0,0,0,1,2,17,0,0,0,0,1,0,0,studyB,video
practice-third,9,6,0,6,7,1,6,0,0,0,0,0,11,13.354,0,0,25,3,0.201,4,4,2,0,0,studyB,video
practice-third,12,20,18,0,0,0,0,0,1,0,0,0,0,0,0,0,37,2,1.944,0,1,0,0,0,studyB,video
practice-third,16,5,5,0,3,2,0,0,0,0,0,0,4,5.547,0,0,14,0,0,9,9,3,0,0,studyB,video
practice-third,19,11,11,0,3,0,1,0,0,0,0,0,1,1.592,0,0,28,0,0,1,2,2,0,0,studyB,video
practice-third,24,12,12,0,0,0,0,0,0,0,0,0,0,0,0,0,30,0,0,0,0,0,0,0,studyB,video
practice-third,29,1,0,1,0,0,0,0,0,0,0,0,0,0,0,0,1,3,0.336,2,3,5,0,0,studyB,video
practice-third,30,11,11,0,0,0,0,0,0,0,0,0,0,0,0,0,35,2,0.181,1,2,0,0,0,studyB,video
practice-third,35,17,8,0,11,1,6,0,0,3,5,4.98,4,2.91,0,0,30,6,6.001,10,11,0,0,0,studyB,video
practice-third,37,20,0,20,0,0,0,0,0,0,0,0,0,0,0,0,0,0,0,0,0,0,0,0,studyB,video
practice-third,41,8,0,7,0,0,0,0,0,0,0,0,0,0,0,0,1,0,0,5,4,2,0,0,studyB,video
practice-third,2020,0,0,0,0,0,0,0,0,0,0,0,0,0,0,0,0,0,0,0,0,0,0,0,studyB,video
run-blue,1,6,5,0,0,0,0,0,1,0,0,0,0,0,0,0,38,0,0,2,3,1,0,0,studyB,none
run-blue,6,5,5,0,1,0,0,0,0,1,0,0,0,0,0,0,15,0,0,5,6,1,98,0,studyB,none
run-blue,9,6,0,6,4,0,3,0,0,0,1,0.246,4,6.016,5,0,25,1,0.067,4,4,2,0,0,studyB,none
run-blue,12,9,8,0,0,0,0,0,1,0,0,0,0,0,0,0,35,0,0,8,9,0,0,0,studyB,none
run-blue,16,6,6,0,6,2,3,0,0,0,0,0,8,12.998,10,0,57,0,0,6,6,5,0,0,studyB,none
run-blue,19,4,4,0,0,0,0,0,0,0,0,0,0,0,0,0,14,0,0,11,11,9,0,0,studyB,none
run-blue,24,8,8,0,0,0,0,0,0,0,0,0,0,0,0,0,30,0,0,7,7,0,0,0,studyB,none
run-blue,29,5,2,1,4,1,1,0,0,0,0,0,2,3.796,0,0,7,11,17.584,7,7,2,0,0,studyB,none
run-blue,30,6,4,1,0,0,0,0,1,0,0,0,0,0,0,0,37,0,0,9,10,0,0,0,studyB,none
run-blue,35,9,8,0,7,0,0,0,0,0,0,0,7,9.025,0,0,23,3,1.997,15,15,2,137,0,studyB,none
run-blue,37,12,0,6,4,0,1,0,0,3,0,0,2,2.246,0,0,14,0,0,1,1,0,0,0,studyB,none
run-blue,41,12,0,3,1,0,0,0,4,1,0,0,0,0,0,0,9,0,0,4,4,2,0,0,studyB,none
run-blue,2020,0,0,0,0,0,0,0,0,0,0,0,0,0,0,0,0,0,0,0,0,0,0,0,studyB,none
run-yellow,1,2,1,1,0,0,0,0,0,0,0,0,0,0,1,0,30,3,14.393,4,3,5,0,0,studyB,data
run-yellow,6,4,0,3,0,0,0,0,0,0,0,0,0,0,0,0,5,0,0,0,0,0,367,0,studyB,data
run-yellow,9,3,1,1,3,1,0,0,0,1,0,0,1,1.008,1,0,7,1,0.091,3,4,4,0,0,studyB,data
run-yellow,12,3,0,3,0,0,0,0,0,0,0,0,0,0,0,0,0,1,2.539,0,0,0,74,0,studyB,data
run-yellow,16,2,2,0,0,0,0,0,0,0,0,0,0,0,3,0,8,1,4.62,6,6,7,0,0,studyB,data
run-yellow,19,3,3,0,1,0,0,0,0,1,0,0,0,0,0,0,11,0,0,11,11,16,0,0,studyB,data
run-yellow,24,3,2,0,2,0,0,0,0,0,0,0,2,5.487,0,0,74,3,30.633,7,7,0,0,0,studyB,data
run-yellow,29,4,1,2,4,1,1,0,0,2,1,0.823,4,3.773,0,0,22,5,0.578,5,4,2,0,0,studyB,data
run-yellow,30,7,1,3,0,0,0,0,0,0,0,0,0,0,0,0,129,0,0,9,9,0,0,0,studyB,data
run-yellow,35,3,2,0,0,0,0,0,0,0,0,0,0,0,0,0,2,0,0,7,8,5,93,0,studyB,data
run-yellow,37,4,0,2,0,0,0,0,0,0,0,0,0,0,0,0,30,0,0,0,0,0,0,0,studyB,data
run-yellow,41,5,0,2,2,0,0,0,2,2,0,0,0,0,1,0,20,0,0,1,1,0,0,0,studyB,data
run-yellow,2020,0,0,0,0,0,0,0,0,0,0,0,0,0,0,0,0,0,0,0,0,0,0,0,studyB,data
run-red,1,8,8,0,0,0,0,0,0,0,0,0,0,0,0,0,25,0,0,0,1,0,0,0,studyB,video
run-red,6,12,6,2,4,0,0,0,0,4,0,0,0,0,0,0,14,0,0,0,1,2,183,0,studyB,video
run-red,9,9,5,4,9,5,4,0,0,0,1,1.208,7,9.288,17,0,61,0,0,10,10,2,0,0,studyB,video
run-red,12,8,8,0,0,0,0,0,0,0,0,0,0,0,0,0,27,0,0,0,1,0,0,0,studyB,video
run-red,16,8,8,0,0,0,0,0,0,0,0,0,0,0,16,0,52,0,0,10,10,0,0,0,studyB,video
run-red,19,9,8,0,2,0,0,0,0,0,0,0,0,0,2,0,34,0,0,0,1,0,0,0,studyB,video
run-red,24,8,8,0,0,0,0,0,0,0,0,0,0,0,0,0,27,0,0,0,0,0,0,0,studyB,video
run-red,29,9,3,2,4,3,0,0,0,0,1,3.912,1,0.992,0,0,32,0,0,4,4,0,0,0,studyB,video
run-red,30,12,11,0,4,0,0,0,0,4,0,0,0,0,0,0,69,0,0,0,1,0,0,0,studyB,video
run-red,35,8,8,0,8,0,1,0,0,0,0,0,9,10.444,0,0,26,0,0,8,8,0,149,0,studyB,video
run-red,37,8,0,8,0,0,0,0,0,0,0,0,0,0,0,0,12,0,0,0,0,0,0,0,studyB,video
run-red,41,9,0,8,1,0,0,0,1,0,0,0,1,2,0,0,13,0,0,0,1,0,0,0,studyB,video
run-red,2020,0,0,0,0,0,0,0,0,0,0,0,0,0,0,0,0,0,0,0,0,0,0,0,studyB,video
pill-blue,1,9,9,0,1,0,1,0,0,0,0,0,0,0,0,0,51,0,0,3,3,5,0,0,studyB,none
pill-blue,6,7,0,7,0,0,0,0,0,0,0,0,0,0,0,0,21,0,0,1,1,0,149,0,studyB,none
pill-blue,9,8,6,2,2,1,1,0,0,0,1,0.624,4,9.189,19,0,60,0,0,4,5,2,0,0,studyB,none
pill-blue,12,8,8,0,0,0,0,0,0,0,0,0,0,0,0,0,24,0,0,0,1,1,0,0,studyB,none
pill-blue,16,11,9,0,6,0,3,0,0,2,1,3.016,8,9.775,5,0,53,0,0,13,13,0,0,0,studyB,none
pill-blue,19,7,6,0,1,0,0,0,0,0,0,0,2,5.097,0,0,31,0,0,14,14,0,0,0,studyB,none
pill-blue,24,9,8,0,0,0,0,0,0,0,0,0,0,0,0,0,29,0,0,5,5,0,0,0,studyB,none
pill-blue,29,6,2,0,7,1,6,0,0,0,7,14.598,6,6.821,0,0,46,0,0,3,3,0,0,1,studyB,none
pill-blue,30,6,6,0,1,0,0,0,0,1,0,0,0,0,0,0,47,0,0,6,7,0,0,0,studyB,none
pill-blue,35,8,8,0,9,0,2,0,0,0,0,0,10,23.509,0,0,31,0,0,11,11,0,140,0,studyB,none
pill-blue,37,8,0,7,3,0,3,0,0,0,3,6.426,0,0,0,0,30,0,0,2,2,0,0,0,studyB,none
pill-blue,41,9,0,8,1,1,0,0,1,0,0,0,2,2.632,0,0,17,0,0,4,3,0,0,0,studyB,none
pill-blue,2020,0,0,0,0,0,0,0,0,0,0,0,0,0,0,0,0,0,0,0,0,0,0,0,studyB,none
pill-red,1,4,2,0,0,0,0,0,1,0,0,0,0,0,0,0,41,0,0,0,0,13,0,0,studyB,data
pill-red,6,6,0,6,0,0,0,0,0,0,0,0,0,0,0,0,0,0,0,0,0,0,53,0,studyB,data
pill-red,9,3,1,2,4,1,2,0,0,0,0,0,4,5.118,5,0,21,3,0.273,8,8,11,0,0,studyB,data
pill-red,12,5,0,5,0,0,0,0,0,0,0,0,0,0,0,0,0,2,34.805,0,0,4,29,0,studyB,data
pill-red,16,3,2,1,3,2,1,0,0,0,0,0,2,4.222,1,0,13,1,13.704,6,6,5,0,0,studyB,data
pill-red,19,3,2,0,0,0,0,0,0,0,0,0,0,0,0,0,9,9,1.516,10,11,7,0,0,studyB,data
pill-red,24,3,3,0,3,2,0,1,0,0,0,0,2,4.68,0,0,20,5,61.642,11,10,0,0,0,studyB,data
pill-red,29,7,2,2,4,3,0,0,0,0,0,0,0,0,0,0,6,34,4.327,5,5,0,0,0,studyB,data
pill-red,30,6,0,3,0,0,0,0,0,0,0,0,0,0,0,0,70,0,0,13,14,4,0,0,studyB,data
pill-red,35,6,5,0,1,0,0,0,0,1,0,0,0,0,0,0,6,0,0,15,15,0,78,0,studyB,data
pill-red,37,4,1,3,3,0,1,0,0,1,2,3.167,0,0,0,0,17,3,0.361,2,2,2,0,0,studyB,data
pill-red,41,7,0,3,2,2,0,0,2,0,0,0,2,1.943,0,0,37,0,0,3,3,0,0,0,studyB,data
pill-red,2020,0,0,0,0,0,0,0,0,0,0,0,0,0,0,0,0,0,0,0,0,0,0,0,studyB,data
pill-orange,1,8,8,0,0,0,0,0,0,0,0,0,0,0,0,0,21,0,0,0,0,0,0,0,studyB,video
pill-orange,6,6,0,6,0,0,0,0,0,0,0,0,0,0,0,0,0,0,0,0,1,1,148,0,studyB,video
pill-orange,9,8,8,0,4,1,3,0,0,0,0,0,3,13.305,29,0,70,0,0,0,0,0,0,0,studyB,video
pill-orange,12,8,8,0,0,0,0,0,0,0,0,0,0,0,0,0,24,0,0,0,0,0,0,0,studyB,video
pill-orange,16,9,9,0,1,0,0,0,0,1,0,0,0,0,17,0,74,0,0,4,4,0,0,0,studyB,video
pill-orange,19,15,11,0,7,0,6,5,0,1,0,0,0,0,1,0,61,0,0,0,1,0,0,0,studyB,video
pill-orange,24,11,8,0,1,1,0,1,0,0,0,0,0,0,0,0,32,0,0,0,0,0,0,0,studyB,video
pill-orange,29,12,4,5,5,1,1,0,0,3,0,0,0,0,0,0,19,0,0,3,4,0,0,0,studyB,video
pill-orange,30,9,9,0,1,0,0,0,1,1,0,0,0,0,0,0,76,0,0,0,1,0,0,0,studyB,video
pill-orange,35,8,8,0,9,0,1,0,0,0,1,0.103,13,21.989,0,0,32,0,0,9,9,0,121,0,studyB,video
pill-orange,37,8,0,8,0,0,0,0,0,0,0,0,0,0,0,0,10,0,0,0,0,1,0,0,studyB,video
pill-orange,41,8,0,8,3,3,0,1,0,0,2,4.629,0,0,0,0,25,0,0,3,3,0,0,0,studyB,video
pill-orange,2020,0,0,0,0,0,0,0,0,0,0,0,0,0,0,0,0,0,0,0,0,0,0,0,studyB,video
run-pink,1,8,8,0,0,0,0,0,0,0,0,0,0,0,0,0,20,4,3.361,0,1,0,0,0,studyB,video
run-pink,6,10,0,10,0,0,0,0,0,0,0,0,0,0,0,0,3,0,0,1,2,0,157,0,studyB,video
run-pink,9,8,8,0,2,0,2,0,0,0,0,0,1,0.599,17,0,49,0,0,0,1,0,0,0,studyB,video
run-pink,12,8,8,0,0,0,0,0,0,0,0,0,0,0,0,0,19,0,0,0,1,0,0,0,studyB,video
run-pink,16,8,8,0,0,0,0,0,0,0,0,0,0,0,0,0,30,0,0,1,2,0,0,0,studyB,video
run-pink,19,8,8,0,0,0,0,0,0,0,0,0,0,0,0,0,19,0,0,0,1,0,0,0,studyB,video
run-pink,24,8,8,0,0,0,0,0,0,0,0,0,0,0,0,0,30,0,0,0,1,0,0,0,studyB,video
run-pink,29,11,3,4,7,7,0,0,0,0,0,0,0,0,0,0,21,0,0,7,7,0,0,0,studyB,video
run-pink,30,8,8,0,0,0,0,0,0,0,0,0,0,0,0,0,35,0,0,0,1,0,0,0,studyB,video
run-pink,35,8,8,0,8,0,1,0,0,0,0,0,7,10.114,0,0,26,0,0,9,10,0,125,0,studyB,video
run-pink,37,10,5,5,5,0,2,0,0,1,1,1.264,1,0.937,0,0,41,0,0,1,2,1,0,0,studyB,video
run-pink,41,8,2,6,2,2,0,0,0,0,2,1.77,0,0,0,0,20,0,0,3,2,0,0,0,studyB,video
run-pink,2020,0,0,0,0,0,0,0,0,0,0,0,0,0,0,0,0,0,0,0,0,0,0,0,studyB,video
practice-first,10,2,2,0,1,0,0,0,0,0,0,0,1,2.495,0,0,11,1,0.09,11,12,1,0,0,studyC,none
practice-first,20,5,5,0,0,0,0,0,0,0,0,0,0,0,0,0,26,0,0,3,4,0,0,0,studyC,none
practice-first,21,5,5,0,4,0,3,0,0,0,0,0,2,3.605,12,0,47,6,1.517,3,4,0,0,0,studyC,none
practice-first,27,16,1,11,3,0,0,0,0,3,0,0,0,0,1,0,9,1,0.084,2,3,1,0,0,studyC,none
practice-first,36,18,1,11,7,0,1,0,0,6,1,2.75,0,0,0,0,12,6,13.289,3,3,0,0,0,studyC,none
practice-first,42,13,13,0,1,0,0,0,0,1,0,0,0,0,1,0,33,1,0.082,4,4,0,0,0,studyC,none
practice-first,2020,0,0,0,0,0,0,0,0,0,0,0,0,0,0,0,0,0,0,0,0,0,0,0,studyC,none
practice-first,6152017,4,3,0,0,0,0,0,0,0,0,0,0,0,0,0,11,6,0.746,6,7,5,0,0,studyC,none
practice-first,user008,6,5,0,0,0,0,0,0,0,0,0,0,0,0,0,37,0,0,4,5,0,0,0,studyC,none
practice-first,user014,12,0,12,0,0,0,0,0,0,0,0,0,0,0,0,0,3,0.383,0,0,3,0,0,studyC,none
practice-second,10,9,9,0,0,0,0,0,0,0,0,0,0,0,0,0,28,1,0.061,2,3,0,0,0,studyC,video
practice-second,20,19,18,0,0,0,0,0,0,0,0,0,0,0,14,0,59,0,0,0,1,0,0,0,studyC,video
practice-second,21,4,3,0,2,0,1,0,0,1,0,0,0,0,5,0,47,1,0.081,0,1,1,0,0,studyC,video
practice-second,27,5,1,4,3,1,1,0,0,1,0,0,3,3.91,0,0,13,0,0,3,2,1,0,0,studyC,video
practice-second,36,6,0,6,5,1,0,0,0,3,0,0,0,0,0,0,6,4,6.599,3,4,0,0,0,studyC,video
practice-second,42,17,17,0,0,0,0,0,0,0,0,0,0,0,0,0,37,3,0.215,0,1,0,0,0,studyC,video
practice-second,2020,0,0,0,0,0,0,0,0,0,0,0,0,0,0,0,0,0,0,0,0,0,0,0,studyC,video
practice-second,6152017,6,4,0,0,0,0,0,2,0,0,0,0,0,0,0,7,0,0,6,6,0,0,0,studyC,video
practice-second,user008,5,3,1,1,0,0,0,0,0,0,0,1,3.917,0,0,21,0,0,2,2,0,0,0,studyC,video
practice-second,user014,7,0,7,0,0,0,0,0,0,0,0,0,0,0,0,3,0,0,0,0,1,0,0,studyC,video
practice-third,10,5,5,0,5,0,0,0,0,3,0,0,2,2.591,0,0,23,3,0.272,14,15,0,0,0,studyC,data
practice-third,20,13,13,0,0,0,0,0,0,0,0,0,0,0,0,0,30,0,0,13,14,0,0,0,studyC,data
practice-third,21,5,3,0,5,1,3,0,0,1,0,0,1,2.16,2,0,14,6,0.481,15,15,1,0,0,studyC,data
practice-third,27,23,1,22,3,0,0,0,0,3,0,0,0,0,0,0,7,2,0.168,2,2,1,0,0,studyC,data
practice-third,36,18,0,18,2,0,0,0,0,1,1,0.913,0,0,0,0,8,6,6.93,1,2,0,0,0,studyC,data
practice-third,42,14,14,0,0,0,0,0,0,0,0,0,0,0,0,0,15,2,0.171,16,16,0,0,0,studyC,data
practice-third,2020,0,0,0,0,0,0,0,0,0,0,0,0,0,0,0,0,0,0,0,0,0,0,0,studyC,data
practice-third,6152017,9,5,0,0,0,0,0,2,0,0,0,0,0,0,0,5,0,0,15,14,0,0,0,studyC,data
practice-third,user008,19,1,16,1,0,0,0,0,0,0,0,1,1.159,0,0,12,2,0.18,8,7,3,0,0,studyC,data
practice-third,user014,7,0,6,1,0,0,0,0,0,0,0,2,2.406,0,0,3,1,0.123,2,2,2,0,0,studyC,data
pill-blue,10,7,7,0,2,0,0,0,0,0,0,0,2,3.647,0,0,34,0,0,15,15,0,0,0,studyC,none
pill-blue,20,8,8,0,1,0,0,0,0,0,0,0,1,2.038,1,0,37,0,0,7,8,0,0,0,studyC,none
pill-blue,21,6,6,0,4,0,4,0,0,0,0,0,1,0.671,10,0,74,0,0,0,1,0,0,0,studyC,none
pill-blue,27,8,5,3,2,0,0,0,0,2,0,0,0,0,14,0,51,0,0,1,1,0,0,0,studyC,none
pill-blue,36,6,1,3,10,1,5,2,0,2,3,4.937,4,13.119,0,0,23,2,1.954,6,6,0,0,0,studyC,none
pill-blue,42,8,8,0,0,0,0,0,0,0,0,0,0,0,0,0,41,0,0,7,8,0,0,0,studyC,none
pill-blue,2020,0,0,0,0,0,0,0,0,0,0,0,0,0,0,0,0,0,0,0,0,0,0,0,studyC,none
pill-blue,6152017,4,3,0,0,0,0,0,0,0,0,0,0,0,0,0,17,2,0.272,4,5,0,0,0,studyC,none
pill-blue,user008,9,7,2,5,0,1,1,0,1,0,0,4,7.472,0,0,50,0,0,7,7,2,0,0,studyC,none
pill-blue,user014,5,5,0,8,0,7,0,0,0,0,0,7,12.654,3,0,60,1,0.783,4,5,1,0,0,studyC,none
pill-red,10,10,10,0,5,0,0,1,0,2,0,0,0,0,0,0,45,0,0,0,0,0,0,0,studyC,video
pill-red,20,6,6,0,0,0,0,0,0,0,0,0,0,0,0,0,37,0,0,0,0,0,0,0,studyC,video
pill-red,21,5,5,0,2,0,2,0,0,0,0,0,1,0.806,3,0,84,1,0.053,0,1,0,0,0,studyC,video
pill-red,27,5,5,0,1,1,0,0,0,0,0,0,1,0.767,0,0,41,0,0,1,1,0,0,0,studyC,video
pill-red,36,5,1,4,5,1,2,1,0,2,0,0,1,1.736,0,0,22,3,4.714,5,5,0,0,0,studyC,video
pill-red,42,7,7,0,2,0,0,0,0,1,0,0,0,0,0,0,40,0,0,0,1,0,0,0,studyC,video
pill-red,2020,0,0,0,0,0,0,0,0,0,0,0,0,0,0,0,0,0,0,0,0,0,0,0,studyC,video
pill-red,6152017,6,6,0,0,0,0,0,0,0,0,0,0,0,0,0,58,0,0,0,0,0,0,0,studyC,video
pill-red,user008,9,9,0,6,0,3,2,0,1,0,0,1,2.007,0,0,76,0,0,0,1,0,0,0,studyC,video
pill-red,user014,5,5,0,5,0,2,0,0,0,0,0,6,10.277,0,0,59,0,0,0,0,1,0,0,studyC,video
pill-orange,10,4,4,0,6,0,5,0,0,0,0,0,5,6.62,0,0,71,0,0,27,28,4,0,0,studyC,data
pill-orange,20,5,1,3,3,0,1,0,0,0,0,0,3,3.99,0,0,63,0,0,4,4,0,0,0,studyC,data
pill-orange,21,7,7,0,0,0,0,0,0,0,0,0,0,0,0,0,8,56,4.581,12,12,0,0,0,studyC,data
pill-orange,27,6,0,5,2,1,1,0,0,0,0,0,2,4.424,0,0,14,53,4.384,1,1,2,0,0,studyC,data
pill-orange,36,5,0,4,5,2,2,2,0,1,0,0,1,0.776,0,0,9,22,13.61,5,5,0,0,0,studyC,data
pill-orange,42,6,4,0,2,0,0,0,0,2,0,0,0,0,0,0,28,0,0,38,39,1,1,0,studyC,data
pill-orange,2020,0,0,0,0,0,0,0,0,0,0,0,0,0,0,0,0,0,0,0,0,0,0,0,studyC,data
pill-orange,6152017,6,1,0,0,0,0,0,3,0,0,0,0,0,0,0,13,0,0,7,7,6,0,0,studyC,data
pill-orange,user008,6,4,2,3,0,2,0,0,0,0,0,3,4.482,0,0,129,1,1.601,3,4,1,0,0,studyC,data
pill-orange,user014,5,0,5,0,0,0,0,0,0,0,0,0,0,0,0,1,29,2.637,0,0,1,0,0,studyC,data
run-blue,10,8,8,0,3,0,2,0,0,0,1,0.183,3,5.352,0,0,59,0,0,12,13,1,0,0,studyC,none
run-blue,20,8,8,0,0,0,0,0,0,0,0,0,0,0,0,0,35,0,0,6,7,0,0,0,studyC,none
run-blue,21,8,8,0,3,0,2,0,0,0,0,0,2,2.047,13,0,85,0,0,7,8,0,0,0,studyC,none
run-blue,27,8,0,8,2,2,0,0,0,0,1,1.639,2,2.415,9,0,35,0,0,2,2,0,0,0,studyC,none
run-blue,36,5,5,0,1,0,0,0,0,1,0,0,0,0,0,0,23,2,1.733,3,4,0,0,0,studyC,none
run-blue,42,10,10,0,2,0,0,0,0,2,0,0,0,0,0,0,39,0,0,13,14,0,0,0,studyC,none
run-blue,2020,0,0,0,0,0,0,0,0,0,0,0,0,0,0,0,0,0,0,0,0,0,0,0,studyC,none
run-blue,6152017,5,5,0,0,0,0,0,0,0,0,0,0,0,0,0,24,0,0,5,5,0,0,0,studyC,none
run-blue,user008,8,8,0,1,1,0,1,0,0,0,0,0,0,0,0,103,0,0,5,6,0,0,0,studyC,none
run-blue,user014,7,6,1,7,0,0,0,0,0,0,0,12,21.616,0,0,40,3,0.278,4,5,1,0,0,studyC,none
run-yellow,10,9,9,0,0,0,0,0,0,0,0,0,0,0,0,0,35,0,0,0,0,0,0,0,studyC,video
run-yellow,20,9,9,0,0,0,0,0,0,0,0,0,0,0,0,0,38,0,0,0,0,0,0,0,studyC,video
run-yellow,21,9,9,0,0,0,0,0,0,0,0,0,0,0,3,0,60,0,0,0,1,0,0,0,studyC,video
run-yellow,27,8,8,0,1,0,0,0,0,0,0,0,1,1.447,0,0,33,0,0,0,0,0,0,0,studyC,video
run-yellow,36,8,2,6,5,1,4,0,0,0,1,0.92,3,2.982,0,0,37,0,0,2,3,0,0,0,studyC,video
run-yellow,42,10,10,0,1,0,0,0,0,1,0,0,0,0,0,0,34,0,0,0,1,0,0,0,studyC,video
run-yellow,2020,0,0,0,0,0,0,0,0,0,0,0,0,0,0,0,0,0,0,0,0,0,0,0,studyC,video
run-yellow,6152017,12,10,0,0,0,0,0,2,0,0,0,0,0,0,0,37,0,0,0,0,0,0,0,studyC,video
run-yellow,user008,9,9,0,0,0,0,0,0,0,0,0,0,0,0,0,33,0,0,0,0,0,0,0,studyC,video
run-yellow,user014,9,9,0,10,0,6,0,0,0,1,0.605,18,49.987,0,0,69,1,0.125,0,1,0,0,0,studyC,video
run-red,10,4,4,0,1,0,1,0,0,0,0,0,1,0.775,0,0,73,0,0,19,18,2,0,0,studyC,data
run-red,20,4,0,4,0,0,0,0,0,0,0,0,0,0,0,0,74,0,0,0,0,0,0,0,studyC,data
run-red,21,5,5,0,0,0,0,0,0,0,0,0,0,0,1,0,7,54,4.53,5,6,0,0,0,studyC,data
run-red,27,7,1,6,5,3,1,0,0,1,1,1.071,3,3.23,2,0,16,5,0.447,4,4,0,92,0,studyC,data
run-red,36,2,0,2,3,0,2,0,0,1,1,1.359,0,0,0,0,13,1,3.829,7,7,0,0,0,studyC,data
run-red,42,5,4,0,1,0,0,0,0,1,0,0,0,0,0,0,28,0,0,11,11,6,0,0,studyC,data
run-red,2020,0,0,0,0,0,0,0,0,0,0,0,0,0,0,0,0,0,0,0,0,0,0,0,studyC,data
run-red,6152017,2,2,0,0,0,0,0,0,0,0,0,0,0,0,0,4,3,0.443,6,7,4,0,0,studyC,data
run-red,user008,7,1,6,1,1,0,0,0,0,0,0,1,3.288,0,0,140,0,0,3,3,0,0,0,studyC,data
run-red,user014,4,0,4,0,0,0,0,0,0,0,0,0,0,0,0,0,37,4.299,0,0,1,0,0,studyC,data
run-pink,10,8,8,0,0,0,0,0,0,0,0,0,0,0,0,0,28,0,0,0,0,0,0,0,studyC,video
run-pink,20,8,8,0,1,0,0,0,0,0,0,0,1,1.127,0,0,32,0,0,0,1,0,0,0,studyC,video
run-pink,21,9,9,0,2,0,1,0,0,1,0,0,1,0.897,2,0,52,0,0,0,1,0,0,0,studyC,video
run-pink,27,8,8,0,0,0,0,0,0,0,0,0,0,0,0,0,21,0,0,0,0,0,0,0,studyC,video
run-pink,36,8,6,2,0,0,0,0,0,0,0,0,0,0,0,0,28,0,0,2,3,0,0,0,studyC,video
run-pink,42,9,9,0,1,0,0,0,0,1,0,0,0,0,0,0,33,0,0,0,1,0,0,0,studyC,video
run-pink,2020,0,0,0,0,0,0,0,0,0,0,0,0,0,0,0,0,0,0,0,0,0,0,0,studyC,video
run-pink,6152017,8,8,0,0,0,0,0,0,0,0,0,0,0,0,0,24,0,0,0,0,0,0,0,studyC,video
run-pink,user008,8,8,0,2,0,2,0,0,0,0,0,2,3.098,0,0,42,0,0,0,1,0,0,0,studyC,video
run-pink,user014,8,8,0,5,0,1,0,0,0,0,0,9,21.857,0,0,42,0,0,0,1,0,0,0,studyC,video
practice-first,15,0,0,0,0,0,0,0,0,0,0,0,0,0,0,0,0,0,0,0,0,0,0,0,studyD,none
practice-first,18,6,5,0,2,0,0,0,0,2,0,0,0,0,5,0,21,2,5.166,13,14,0,0,0,studyD,none
practice-first,23,18,0,18,2,0,2,0,0,0,0,0,2,5.755,0,0,15,6,0.403,3,2,0,0,0,studyD,none
practice-first,31,2,1,0,1,0,1,0,0,0,1,0.102,2,3.939,0,0,9,12,3.841,11,12,2,0,0,studyD,none
practice-first,34,6,4,0,4,0,0,0,0,4,0,0,0,0,0,0,16,6,1.52,6,7,5,0,0,studyD,none
practice-first,39,15,1,12,1,0,0,0,0,1,0,0,0,0,0,0,1,4,2.19,5,5,7,0,0,studyD,none
practice-first,43,1,1,0,1,0,0,0,0,0,0,0,1,1.581,0,0,25,0,0,13,14,0,0,0,studyD,none
practice-first,2020,0,0,0,0,0,0,0,0,0,0,0,0,0,0,0,0,0,0,0,0,0,0,0,studyD,none
practice-first,graceef,12,0,12,0,0,0,0,0,0,0,0,0,0,0,0,1,2,2.328,8,8,2,0,0,studyD,none
practice-second,15,10,4,0,3,0,1,0,0,2,0,0,1,2.085,0,0,8,7,8.12,11,11,0,0,0,studyD,data
practice-second,18,6,6,0,2,0,0,0,0,2,0,0,0,0,1,0,11,2,0.214,11,12,0,0,0,studyD,data
practice-second,23,16,0,16,5,0,4,0,0,0,0,0,3,4.005,7,0,27,2,0.154,11,11,0,0,0,studyD,data
practice-second,31,10,1,4,3,0,0,0,1,3,0,0,0,0,0,0,6,5,1.768,3,2,1,0,0,studyD,data
practice-second,34,4,0,4,5,0,3,0,0,0,0,0,3,3.978,0,0,17,6,0.531,6,6,2,0,0,studyD,data
practice-second,39,25,0,25,0,0,0,0,0,0,0,0,0,0,0,0,0,0,0,0,0,0,0,0,studyD,data
practice-second,43,16,3,12,8,0,2,0,0,6,0,0,1,1.96,0,0,32,0,0,8,7,0,0,0,studyD,data
practice-second,2020,0,0,0,0,0,0,0,0,0,0,0,0,0,0,0,0,0,0,0,0,0,0,0,studyD,data
practice-second,graceef,10,1,6,2,0,0,0,0,2,0,0,0,0,0,0,12,2,2.474,3,3,2,0,0,studyD,data
practice-third,15,19,10,0,9,0,3,0,0,2,0,0,0,0,0,0,20,0,0,13,14,0,0,0,studyD,video
practice-third,18,8,7,0,0,0,0,0,0,0,0,0,0,0,5,0,19,1,0.494,14,14,0,0,0,studyD,video
practice-third,23,18,0,18,8,0,6,0,0,1,7,8.342,3,2.462,3,0,38,0,0,2,2,0,0,0,studyD,video
practice-third,31,15,1,10,1,0,0,0,1,1,0,0,0,0,0,0,4,1,0.891,0,0,0,0,0,studyD,video
practice-third,34,9,6,1,4,0,1,0,0,0,0,0,5,9.193,0,0,24,0,0,0,1,0,0,0,studyD,video
practice-third,39,20,0,20,6,0,5,0,0,0,0,0,8,7.059,0,0,29,0,0,0,1,0,0,0,studyD,video
practice-third,43,24,0,24,6,1,1,0,0,3,0,0,0,0,0,0,32,0,0,2,2,0,0,0,studyD,video
practice-third,2020,0,0,0,0,0,0,0,0,0,0,0,0,0,0,0,0,0,0,0,0,0,0,0,studyD,video
practice-third,graceef,6,5,0,1,0,0,0,0,1,0,0,0,0,0,0,19,0,0,0,1,2,0,0,studyD,video
pill-blue,15,0,0,0,0,0,0,0,0,0,0,0,0,0,0,0,0,0,0,0,0,0,0,0,studyD,none
pill-blue,18,7,7,0,0,0,0,0,0,0,0,0,0,0,18,0,48,0,0,13,13,0,0,0,studyD,none
pill-blue,23,7,0,7,6,0,4,1,0,1,3,5.871,3,4.327,10,0,41,0,0,6,7,0,0,0,studyD,none
pill-blue,31,8,6,1,0,0,0,0,0,0,0,0,0,0,0,0,38,2,0.278,5,5,2,0,0,studyD,none
pill-blue,34,7,6,0,0,0,0,0,0,0,0,0,0,0,0,0,27,0,0,6,5,1,0,0,studyD,none
pill-blue,39,4,0,3,0,0,0,0,0,0,0,0,0,0,0,0,0,0,0,0,0,3,0,0,studyD,none
pill-blue,43,6,1,5,8,1,4,3,0,1,0,0,3,3.822,0,0,31,0,0,3,4,0,0,1,studyD,none
pill-blue,2020,0,0,0,0,0,0,0,0,0,0,0,0,0,0,0,1,0,0,1,1,0,0,0,studyD,none
pill-blue,graceef,8,8,0,2,0,1,0,0,0,0,0,2,4.821,0,0,46,0,0,9,10,0,0,0,studyD,none
pill-red,15,0,0,0,0,0,0,0,0,0,0,0,0,0,0,0,0,0,0,0,0,0,0,0,studyD,data
pill-red,18,5,4,0,1,0,0,0,0,1,0,0,0,0,8,0,25,11,1.153,17,17,0,0,0,studyD,data
pill-red,23,3,0,3,5,0,3,0,0,0,0,0,4,6.233,3,0,16,18,1.483,11,10,3,0,0,studyD,data
pill-red,31,9,2,4,6,0,1,0,0,5,0,0,0,0,0,0,45,3,1.409,4,4,3,0,0,studyD,data
pill-red,34,3,1,2,3,0,2,0,0,0,0,0,2,2.479,0,0,62,0,0,5,5,7,0,0,studyD,data
pill-red,39,5,1,3,3,0,2,0,0,1,0,0,1,0.789,0,0,28,1,0.143,3,3,2,0,0,studyD,data
pill-red,43,6,1,4,4,0,2,2,0,2,0,0,0,0,0,0,43,0,0,5,4,0,0,0,studyD,data
pill-red,2020,0,0,0,0,0,0,0,0,0,0,0,0,0,0,0,0,0,0,0,0,0,0,0,studyD,data
pill-red,graceef,6,0,6,2,0,1,0,0,1,0,0,0,0,0,0,6,42,4.764,5,5,0,0,0,studyD,data
pill-orange,15,14,10,0,10,0,5,0,0,2,0,0,4,4.559,0,0,46,0,0,15,15,1,0,0,studyD,video
pill-orange,18,10,10,0,0,0,0,0,0,0,0,0,0,0,18,0,53,0,0,13,13,0,0,0,studyD,video
pill-orange,23,7,0,7,9,0,6,1,0,0,3,6.342,9,17.01,8,0,46,0,0,12,12,1,0,0,studyD,video
pill-orange,31,11,10,0,1,0,0,0,1,0,0,0,0,0,0,0,47,0,0,0,1,0,0,0,studyD,video
pill-orange,34,10,8,0,0,0,0,0,0,0,0,0,0,0,0,0,55,0,0,0,0,0,0,0,studyD,video
pill-orange,39,19,7,3,3,0,0,0,0,1,1,1.28,2,1.619,0,0,32,0,0,2,2,1,0,0,studyD,video
pill-orange,43,6,1,5,5,1,4,1,0,0,3,4.791,2,3.249,0,0,56,0,0,6,6,0,0,0,studyD,video
pill-orange,2020,0,0,0,0,0,0,0,0,0,0,0,0,0,0,0,0,0,0,0,0,0,0,0,studyD,video
pill-orange,graceef,9,9,0,5,0,2,1,0,0,1,3.368,4,12.239,0,0,65,0,0,0,0,0,0,0,studyD,video
run-blue,15,18,9,0,10,0,5,0,0,2,1,1.056,3,3.215,0,0,53,0,0,13,13,2,0,0,studyD,none
run-blue,18,8,8,0,0,0,0,0,0,0,0,0,0,0,18,0,45,0,0,11,11,0,0,0,studyD,none
run-blue,23,7,3,4,7,0,5,1,0,1,1,6.049,3,2.974,3,0,41,0,0,8,8,0,0,0,studyD,none
run-blue,31,8,7,1,3,0,3,0,0,0,0,0,2,1.414,0,0,48,0,0,3,4,0,0,0,studyD,none
run-blue,34,5,4,1,3,0,1,0,0,0,0,0,4,6.057,0,0,31,0,0,7,6,2,0,0,studyD,none
run-blue,39,8,0,8,5,0,3,2,0,0,0,0,2,1.916,1,0,34,0,0,4,3,1,0,0,studyD,none
run-blue,43,8,0,8,6,0,2,1,0,0,0,0,5,6.143,0,0,38,0,0,7,6,0,0,0,studyD,none
run-blue,2020,0,0,0,0,0,0,0,0,0,0,0,0,0,0,0,0,0,0,0,0,0,0,0,studyD,none
run-blue,graceef,8,8,0,2,0,1,0,0,0,0,0,1,4.175,0,0,44,0,0,9,9,0,0,0,studyD,none
run-yellow,15,2,2,0,0,0,0,0,0,0,0,0,0,0,0,0,65,17,1.839,4,4,1,0,0,studyD,data
run-yellow,18,3,3,0,0,0,0,0,0,0,0,0,0,0,34,0,102,0,0,8,8,0,0,0,studyD,data
run-yellow,23,4,1,3,3,0,1,0,0,1,0,0,1,0.607,0,0,87,4,0.349,7,7,2,0,0,studyD,data
run-yellow,31,7,0,6,3,0,0,0,0,3,0,0,0,0,0,0,6,25,3.269,3,3,3,0,0,studyD,data
run-yellow,34,3,0,3,2,0,0,0,0,0,0,0,5,5.718,0,0,13,13,1.244,21,20,12,0,0,studyD,data
run-yellow,39,3,0,3,1,0,0,0,0,0,0,0,1,2.288,0,0,9,0,0,2,1,1,0,0,studyD,data
run-yellow,43,4,2,2,6,0,4,0,0,1,0,0,1,0.815,0,0,100,0,0,4,3,0,0,0,studyD,data
run-yellow,2020,0,0,0,0,0,0,0,0,0,0,0,0,0,0,0,0,0,0,0,0,0,0,0,studyD,data
run-yellow,graceef,4,1,2,1,0,1,0,0,0,0,0,1,1.696,0,0,87,8,2.057,10,10,0,0,0,studyD,data
run-red,15,18,9,0,13,0,11,0,0,0,4,1.463,4,3.184,0,0,52,0,0,12,10,2,0,0,studyD,video
run-red,18,9,9,0,1,0,0,0,0,1,0,0,0,0,14,0,41,0,0,10,10,0,0,0,studyD,video
run-red,23,8,7,1,1,0,1,0,0,0,0,0,1,1.488,0,0,45,0,0,1,1,1,0,0,studyD,video
run-red,31,8,8,0,0,0,0,0,0,0,0,0,0,0,0,0,27,0,0,0,0,0,0,0,studyD,video
run-red,34,9,8,0,0,0,0,0,0,0,0,0,0,0,0,0,30,0,0,0,0,0,0,0,studyD,video
run-red,39,9,8,0,2,0,1,0,0,0,0,0,1,1.688,0,0,35,0,0,0,0,0,0,0,studyD,video
run-red,43,11,3,7,9,1,5,0,0,2,2,2.352,5,6.614,0,0,60,0,0,8,8,0,0,0,studyD,video
run-red,2020,0,0,0,0,0,0,0,0,0,0,0,0,0,0,0,0,0,0,0,0,0,0,0,studyD,video
run-red,graceef,8,8,0,1,0,0,1,0,0,0,0,0,0,0,0,48,0,0,1,1,0,0,0,studyD,video
pills-pink,15,14,8,0,8,0,8,0,0,0,0,0,1,1.824,0,0,42,0,0,10,9,1,0,0,studyD,video
pills-pink,18,10,10,0,0,0,0,0,0,0,0,0,0,0,14,0,41,0,0,1,1,0,0,0,studyD,video
pills-pink,23,8,8,0,2,0,1,1,0,0,0,0,1,3.68,0,0,47,0,0,0,1,0,0,0,studyD,video
pills-pink,31,9,9,0,1,0,1,0,0,0,0,0,1,2.15,0,0,29,0,0,0,1,0,0,0,studyD,video
pills-pink,34,9,8,0,3,0,1,0,0,0,0,0,3,5.654,0,0,44,0,0,0,1,0,0,0,studyD,video
pills-pink,39,9,9,0,0,0,0,0,0,0,0,0,0,0,0,0,34,0,0,1,1,0,0,0,studyD,video
pills-pink,43,8,0,8,7,3,1,0,0,0,3,5.11,5,8.114,0,0,54,0,0,7,7,0,0,0,studyD,video
pills-pink,2020,0,0,0,0,0,0,0,0,0,0,0,0,0,0,0,0,0,0,0,0,0,0,0,studyD,video
pills-pink,graceef,8,8,0,5,0,3,3,0,0,0,0,1,1.231,0,0,50,0,0,0,1,0,0,0,studyD,video
